TweetID,Entity,Sentiment,original_tweet,cleaned_text,processed_text,vader_compound,vader_pos,vader_neg,vader_neu,vader_sentiment,tb_polarity,tb_subjectivity,tb_sentiment,theme_count,is_mental_health_related,primary_theme,themes_detected,dominant_topic_id,topic_confidence,dominant_topic_label,is_questionable_claim,flag_category,flag_matched_pattern,human_review_required
1662,CallOfDutyBlackopsColdWar,Irrelevant,"Press F to: . accelerate the war on drugs, cripple minority communities by criminalizing drugs and funneling them in (also hurting race relations), /. ruin/overflow the prison system with mass incarceration and privatization, sell arms to Iran, call black people monkeys...",Press F to accelerate the war on drugs cripple minority communities by criminalizing drugs and funneling them in also hurting race relations ruin overflow the prison system with mass incarceration and privatization sell arms to Iran call black people monkeys,press accelerate war drug cripple minority community criminalizing drug funneling also hurting race relation ruin overflow prison system mass incarceration privatization sell arm iran call black people monkey,-0.93,0.0,0.303,0.697,Negative,-0.1667,0.4333,Negative,0,False,General Social,,2,0.5083,Gaming Performance & Play,True,Dangerous Drug & Substance Claim,war on drugs,True
1662,CallOfDutyBlackopsColdWar,Irrelevant,"F to:. accelerate the war on drugs, paralyze minority communities by criminalizing drugs and smuggling them into Iran (which also damages race relations), /. ruin / overflow the prison system with mass incarceration and privatization, sell weapons to Iran, call blacks apes...",F to accelerate the war on drugs paralyze minority communities by criminalizing drugs and smuggling them into Iran which also damages race relations ruin overflow the prison system with mass incarceration and privatization sell weapons to Iran call blacks apes,accelerate war drug paralyze minority community criminalizing drug smuggling iran also damage race relation ruin overflow prison system mass incarceration privatization sell weapon iran call black ape,-0.9633,0.0,0.376,0.624,Negative,0.0,0.0,Neutral,0,False,General Social,,2,0.3342,Gaming Performance & Play,True,Dangerous Drug & Substance Claim,war on drugs,True
1662,CallOfDutyBlackopsColdWar,Irrelevant,"Press F to:. accelerate the war on drugs, suppress minority communities by criminalizing drugs and channeling them in the right direction (also harming race relations), /. destroy / overflow the prison system with mass incitement and privatization, sell arms to Iran, call black monkeys...",Press F to accelerate the war on drugs suppress minority communities by criminalizing drugs and channeling them in the right direction also harming race relations destroy overflow the prison system with mass incitement and privatization sell arms to Iran call black monkeys,press accelerate war drug suppress minority community criminalizing drug channeling right direction also harming race relation destroy overflow prison system mass incitement privatization sell arm iran call black monkey,-0.936,0.0,0.279,0.721,Negative,-0.027,0.323,Neutral,0,False,General Social,,2,0.5779,Gaming Performance & Play,True,Dangerous Drug & Substance Claim,war on drugs,True
1662,CallOfDutyBlackopsColdWar,Irrelevant,"Press F ears:. accelerate your war on drugs, cripple minority communities with criminalizing drugs and shutting them in (also hurting race relations), /. ruin/overflow the prison system with mass incarceration and privatization, sell arms from Iran, call black people monkeys...",Press F ears accelerate your war on drugs cripple minority communities with criminalizing drugs and shutting them in also hurting race relations ruin overflow the prison system with mass incarceration and privatization sell arms from Iran call black people monkeys,press ear accelerate war drug cripple minority community criminalizing drug shutting also hurting race relation ruin overflow prison system mass incarceration privatization sell arm iran call black people monkey,-0.9287,0.0,0.281,0.719,Negative,-0.1667,0.4333,Negative,0,False,General Social,,2,0.5083,Gaming Performance & Play,True,Dangerous Drug & Substance Claim,war on drugs,True
1662,CallOfDutyBlackopsColdWar,Irrelevant,"Press Letter F is to :. accelerate both the war on drugs, to cripple minority Tamil communities by criminalizing these drugs and funneling them farther in ( also hurting tribal race relations ), /. ruin / can overflow the prison system together with mass incarceration and privatization, sell arms to Iran, call black people monkeys...",Press Letter F is to accelerate both the war on drugs to cripple minority Tamil communities by criminalizing these drugs and funneling them farther in also hurting tribal race relations ruin can overflow the prison system together with mass incarceration and privatization sell arms to Iran call black people monkeys,press letter accelerate war drug cripple minority tamil community criminalizing drug funneling farther also hurting tribal race relation ruin overflow prison system together mass incarceration privatization sell arm iran call black people monkey,-0.93,0.0,0.252,0.748,Negative,-0.1667,0.4333,Negative,0,False,General Social,,2,0.5083,Gaming Performance & Play,True,Dangerous Drug & Substance Claim,war on drugs,True
126,Amazon,Neutral,This dangerous 'party drug' has been everywhere — even on Amazon nbcnews.com/feature/nbc-ou… via @nbcnews,This dangerous 'party drug' has been everywhere even on Amazon nbcnews com feature nbc-ou via,dangerous party drug everywhere even amazon nbcnews com feature nbc-ou via,0.0772,0.226,0.159,0.615,Positive,-0.6,0.9,Negative,0,False,General Social,,2,0.4874,Gaming Performance & Play,True,Dangerous Drug & Substance Claim,party drug,True
126,Amazon,Neutral,"This dangerous ""party drug"" was everywhere - even on Amazon nbcnews.com / feature / nbc-ou... via @ nbcnews",This dangerous party drug was everywhere - even on Amazon nbcnews com feature nbc-ou via nbcnews,dangerous party drug everywhere even amazon nbcnews com feature nbc-ou via nbcnews,0.0772,0.226,0.159,0.615,Positive,-0.6,0.9,Negative,0,False,General Social,,2,0.4874,Gaming Performance & Play,True,Dangerous Drug & Substance Claim,party drug,True
126,Amazon,Neutral,"This dangerous ""party drug"" was everywhere - even on Amazon nbc-news.com / feature / nbc-ou... via @ nbc-news",This dangerous party drug was everywhere - even on Amazon nbc-news com feature nbc-ou via nbc-news,dangerous party drug everywhere even amazon nbc-news com feature nbc-ou via nbc-news,0.0772,0.226,0.159,0.615,Positive,-0.6,0.9,Negative,0,False,General Social,,2,0.3479,Gaming Performance & Play,True,Dangerous Drug & Substance Claim,party drug,True
126,Amazon,Neutral,This infamous 'party drug' has been discredited — even legalized Amazon nbcnews.com/feature/nbc-ou… via @nbcnews,This infamous 'party drug' has been discredited even legalized Amazon nbcnews com feature nbc-ou via,infamous party drug discredited even legalized amazon nbcnews com feature nbc-ou via,0.128,0.228,0.15,0.622,Positive,-0.5,1.0,Negative,0,False,General Social,,2,0.6225,Gaming Performance & Play,True,Dangerous Drug & Substance Claim,party drug,True
126,Amazon,Neutral,2013 This supposedly dangerous'party drug'has been everywhere possible — even on the Amazon nbcnews. com / profile feature / nbc - ou … or via @nbcnews,2013 This supposedly dangerous'party drug'has been everywhere possible even on the Amazon nbcnews com profile feature nbc - ou or via,supposedly dangerous'party drug'has everywhere possible even amazon nbcnews com profile feature nbc ou via,0.1779,0.082,0.0,0.918,Positive,-0.3,0.95,Negative,0,False,General Social,,2,0.4872,Gaming Performance & Play,True,Dangerous Drug & Substance Claim,party drug,True
126,Amazon,Neutral,of dangerous 'party drug' has sold everywhere — watch for Amazon nbcnews.com/feature/nbc-ou... via this,of dangerous 'party drug' has sold everywhere watch for Amazon nbcnews com feature nbc-ou via this,dangerous party drug sold everywhere watch amazon nbcnews com feature nbc-ou via,0.0772,0.215,0.151,0.634,Positive,-0.6,0.9,Negative,0,False,General Social,,2,0.3539,Gaming Performance & Play,True,Dangerous Drug & Substance Claim,party drug,True
130,Amazon,Neutral,Toxic masculinity has me specifically searching “men’s hair dryers” on Amazon,Toxic masculinity has me specifically searching men s hair dryers on Amazon,toxic masculinity specifically searching men hair dryer amazon,0.1779,0.145,0.0,0.855,Positive,0.0,0.0,Neutral,0,False,General Social,,4,0.4326,Community & Social Interaction,True,Toxicity & Contamination Alarm,toxic,True
130,Amazon,Neutral,Toxic masculinity makes me search Amazon for'men's hairdryers',Toxic masculinity makes me search Amazon for'men's hairdryers',toxic masculinity make search amazon for'men hairdryers,0.1779,0.195,0.0,0.805,Positive,0.0,0.0,Neutral,0,False,General Social,,2,0.3611,Gaming Performance & Play,True,Toxicity & Contamination Alarm,toxic,True
130,Amazon,Neutral,Toxic masculinity makes me search for'male hair dryers' on Amazon,Toxic masculinity makes me search for'male hair dryers' on Amazon,toxic masculinity make search for'male hair dryer amazon,0.1779,0.159,0.0,0.841,Positive,0.0,0.1,Neutral,0,False,General Social,,5,0.361,Frustration & Bug Complaints,True,Toxicity & Contamination Alarm,toxic,True
130,Amazon,Neutral,Toxic masculinity sent me specifically searching “men’s hair again on Amazon,Toxic masculinity sent me specifically searching men s hair again on Amazon,toxic masculinity sent specifically searching men hair amazon,0.1779,0.145,0.0,0.855,Positive,0.0,0.0,Neutral,0,False,General Social,,3,0.5274,Customer Experience & Support,True,Toxicity & Contamination Alarm,toxic,True
130,Amazon,Neutral,Toxic masculinity online has me very specifically considering searching “ men ’ s hair to dryers ” on Amazon,Toxic masculinity online has me very specifically considering searching men s hair to dryers on Amazon,toxic masculinity online very specifically considering searching men hair dryer amazon,0.1779,0.108,0.0,0.892,Positive,0.2,0.3,Positive,0,False,General Social,,4,0.452,Community & Social Interaction,True,Toxicity & Contamination Alarm,toxic,True
130,Amazon,Neutral,Toxic masculinity has me fully targeting “men’s hair “ on Amazon,Toxic masculinity has me fully targeting men s hair on Amazon,toxic masculinity fully targeting men hair amazon,0.1779,0.159,0.0,0.841,Positive,0.0,0.0,Neutral,0,False,General Social,,3,0.3605,Customer Experience & Support,True,Toxicity & Contamination Alarm,toxic,True
352,Amazon,Neutral,BBC News - Amazon boss Jeff Bezos rejects claims company acted like a 'drug dealer' bbc.co.uk/news/av/busine…,BBC News - Amazon boss Jeff Bezos rejects claims company acted like a 'drug dealer' bbc co uk news av busine,bbc news amazon bos jeff bezos reject claim company acted like drug dealer bbc co uk news av busine,-0.0,0.179,0.137,0.684,Neutral,0.0,0.0,Neutral,0,False,General Social,,3,0.4744,Customer Experience & Support,True,Dangerous Drug & Substance Claim,drug dealer,True
352,Amazon,Neutral,"BBC News - Amazon boss Jeff Bezos rejects claims the company behaved like a ""drug dealer"" bbc.co.uk / news / av / busine...",BBC News - Amazon boss Jeff Bezos rejects claims the company behaved like a drug dealer bbc co uk news av busine,bbc news amazon bos jeff bezos reject claim company behaved like drug dealer bbc co uk news av busine,-0.0,0.172,0.131,0.697,Neutral,0.0,0.0,Neutral,0,False,General Social,,3,0.4744,Customer Experience & Support,True,Dangerous Drug & Substance Claim,drug dealer,True
352,Amazon,Neutral,"BBC News - Amazon boss Jeff Bezos rejects claims the company behaved like a ""drug dealer"" bbc.co.uk / news / av / fashion...",BBC News - Amazon boss Jeff Bezos rejects claims the company behaved like a drug dealer bbc co uk news av fashion,bbc news amazon bos jeff bezos reject claim company behaved like drug dealer bbc co uk news av fashion,-0.0,0.172,0.131,0.697,Neutral,0.0,0.0,Neutral,0,False,General Social,,3,0.4744,Customer Experience & Support,True,Dangerous Drug & Substance Claim,drug dealer,True
352,Amazon,Neutral,BBC News - Amazon entrepreneur Jeff Bezos rejects accusations company acted like the 'drug dealer' bbc.co.uk/news/av/busine…,BBC News - Amazon entrepreneur Jeff Bezos rejects accusations company acted like the 'drug dealer' bbc co uk news av busine,bbc news amazon entrepreneur jeff bezos reject accusation company acted like drug dealer bbc co uk news av busine,-0.3182,0.163,0.214,0.623,Negative,0.0,0.0,Neutral,0,False,General Social,,3,0.5606,Customer Experience & Support,True,Dangerous Drug & Substance Claim,drug dealer,True
9216,Overwatch,Irrelevant,Overwatch game chat is toxic,Overwatch game chat is toxic,overwatch game chat toxic,0.0,0.0,0.0,1.0,Neutral,-0.4,0.4,Negative,0,False,General Social,,5,0.6331,Frustration & Bug Complaints,True,Toxicity & Contamination Alarm,toxic,True
9216,Overwatch,Irrelevant,Overwatch chat is toxic,Overwatch chat is toxic,overwatch chat toxic,0.0,0.0,0.0,1.0,Neutral,0.0,0.0,Neutral,0,False,General Social,,5,0.5416,Frustration & Bug Complaints,True,Toxicity & Contamination Alarm,toxic,True
9216,Overwatch,Irrelevant,Overtime Chat Is Toxic,Overtime Chat Is Toxic,overtime chat toxic,0.0,0.0,0.0,1.0,Neutral,0.0,0.0,Neutral,0,False,General Social,,2,0.3889,Gaming Performance & Play,True,Toxicity & Contamination Alarm,toxic,True
9216,Overwatch,Irrelevant,Overwatch video chat is toxic,Overwatch video chat is toxic,overwatch video chat toxic,0.0,0.0,0.0,1.0,Neutral,0.0,0.0,Neutral,0,False,General Social,,5,0.4333,Frustration & Bug Complaints,True,Toxicity & Contamination Alarm,toxic,True
9216,Overwatch,Irrelevant,Overwatch game video chat is toxic,Overwatch game video chat is toxic,overwatch game video chat toxic,0.0,0.0,0.0,1.0,Neutral,-0.4,0.4,Negative,0,False,General Social,,5,0.4884,Frustration & Bug Complaints,True,Toxicity & Contamination Alarm,toxic,True
9216,Overwatch,Irrelevant,Overwatch game play is toxic,Overwatch game play is toxic,overwatch game play toxic,0.34,0.375,0.0,0.625,Positive,-0.4,0.4,Negative,0,False,General Social,,5,0.833,Frustration & Bug Complaints,True,Toxicity & Contamination Alarm,toxic,True
9218,Overwatch,Irrelevant,FUCK YALL TOXIC PEOPLE ON OVERWATCH,FUCK YALL TOXIC PEOPLE ON OVERWATCH,fuck yall toxic people overwatch,-0.5423,0.0,0.412,0.588,Negative,-0.4,0.6,Negative,0,False,General Social,,5,0.4937,Frustration & Bug Complaints,True,Toxicity & Contamination Alarm,toxic,True
9218,Overwatch,Irrelevant,FUCK EVERY TOXIC PEOPLE ON OVERWATCH,FUCK EVERY TOXIC PEOPLE ON OVERWATCH,fuck every toxic people overwatch,-0.5423,0.0,0.412,0.588,Negative,-0.4,0.6,Negative,0,False,General Social,,5,0.6143,Frustration & Bug Complaints,True,Toxicity & Contamination Alarm,toxic,True
9218,Overwatch,Irrelevant,HIGH WATER FUK YALL TOXIC PEOPLE,HIGH WATER FUK YALL TOXIC PEOPLE,high water fuk yall toxic people,0.0,0.0,0.0,1.0,Neutral,0.16,0.54,Positive,0,False,General Social,,3,0.4343,Customer Experience & Support,True,Toxicity & Contamination Alarm,toxic,True
9218,Overwatch,Irrelevant,FUCK UP TOXIC PEOPLE ON OVERWATCH,FUCK UP TOXIC PEOPLE ON OVERWATCH,fuck toxic people overwatch,-0.5423,0.0,0.412,0.588,Negative,-0.4,0.6,Negative,0,False,General Social,,5,0.6143,Frustration & Bug Complaints,True,Toxicity & Contamination Alarm,toxic,True
9218,Overwatch,Irrelevant,FUCK A YALL AS TOXIC THE PEOPLE ON IS OVERWATCH,FUCK A YALL AS TOXIC THE PEOPLE ON IS OVERWATCH,fuck yall toxic people overwatch,-0.5423,0.0,0.304,0.696,Negative,-0.4,0.6,Negative,0,False,General Social,,5,0.4937,Frustration & Bug Complaints,True,Toxicity & Contamination Alarm,toxic,True
9218,Overwatch,Irrelevant,CAN YALL TOXIC<unk> ON OVERWATCH,CAN YALL TOXIC ON OVERWATCH,yall toxic overwatch,0.0,0.0,0.0,1.0,Neutral,0.0,0.0,Neutral,0,False,General Social,,5,0.5016,Frustration & Bug Complaints,True,Toxicity & Contamination Alarm,toxic,True
9267,Overwatch,Irrelevant,"Toxic players who do this should be lynch. If you don't say it to womens face, definitely don't do it where women could whoop your ass.",Toxic players who do this should be lynch If you don't say it to womens face definitely don't do it where women could whoop your ass,toxic player lynch n't say womens face definitely n't woman could whoop as,-0.2023,0.089,0.116,0.795,Negative,0.0,0.5,Neutral,0,False,General Social,,5,0.5736,Frustration & Bug Complaints,True,Toxicity & Contamination Alarm,toxic,True
9267,Overwatch,Irrelevant,"Toxic players who do this should be lynched. If you don't tell women in the face, you shouldn't do it where women can punch you in the ass.",Toxic players who do this should be lynched If you don't tell women in the face you shouldn't do it where women can punch you in the ass,toxic player lynched n't tell woman face n't woman punch as,-0.5423,0.0,0.115,0.885,Negative,0.0,0.0,Neutral,0,False,General Social,,5,0.6374,Frustration & Bug Complaints,True,Toxicity & Contamination Alarm,toxic,True
9267,Overwatch,Irrelevant,"Toxic players who do this should be lynch. If you don't say that on womens face, you don't do it where women could whoop your ass.",Toxic players who do this should be lynch If you don't say that on womens face you don't do it where women could whoop your ass,toxic player lynch n't say womens face n't woman could whoop as,-0.5423,0.0,0.123,0.877,Negative,0.0,0.0,Neutral,0,False,General Social,,5,0.6827,Frustration & Bug Complaints,True,Toxicity & Contamination Alarm,toxic,True
9267,Overwatch,Irrelevant,"Ten Toxic players who do this should be walking lynch. If already you don't do say it straight to a womens face, definitely don't do speak it where women could whoop your ass.",Ten Toxic players who do this should be walking lynch If already you don't do say it straight to a womens face definitely don't do speak it where women could whoop your ass,ten toxic player walking lynch already n't say straight womens face definitely n't speak woman could whoop as,0.0258,0.124,0.094,0.782,Neutral,0.0667,0.3,Positive,0,False,General Social,,5,0.4489,Frustration & Bug Complaints,True,Toxicity & Contamination Alarm,toxic,True
9267,Overwatch,Irrelevant,"Toxic players can do this should be lynch. If you wouldn't say it near womens face, definitely don't do it where we could whoop your face.",Toxic players can do this should be lynch If you wouldn't say it near womens face definitely don't do it where we could whoop your face,toxic player lynch would n't say near womens face definitely n't could whoop face,0.4019,0.097,0.0,0.903,Positive,0.05,0.45,Neutral,0,False,General Social,,3,0.4328,Customer Experience & Support,True,Toxicity & Contamination Alarm,toxic,True
9348,Overwatch,Irrelevant,"Its normal people hate Overwatch, becouse the comunnity is so toxic.. . ""Yo, no one have mic"". 2seconds later. ""YOU ARE TRASH OMFG, GO TO BED, UNISTALL THE GAME"". . For that you want the people on the voice chat. xD",Its normal people hate Overwatch becouse the comunnity is so toxic Yo no one have mic 2seconds later YOU ARE TRASH OMFG GO TO BED UNISTALL THE GAME For that you want the people on the voice chat xD,normal people hate overwatch becouse comunnity so toxic yo no one mic 2seconds later trash omfg go bed unistall game want people voice chat xd,-0.2648,0.11,0.133,0.757,Negative,-0.2625,0.4875,Negative,0,False,General Social,,5,0.3334,Frustration & Bug Complaints,True,Toxicity & Contamination Alarm,toxic,True
9348,Overwatch,Irrelevant,"His normal people hate Overwatch because the community is so toxic... ""Yo, no one has microphone."" 2seconds later. ""YOU ARE TRASH OMFG, GO TO BED, UNISTALL THE GAME."" For that you want people to chat on the voice. xD",His normal people hate Overwatch because the community is so toxic Yo no one has microphone 2seconds later YOU ARE TRASH OMFG GO TO BED UNISTALL THE GAME For that you want people to chat on the voice xD,normal people hate overwatch community so toxic yo no one microphone 2seconds later trash omfg go bed unistall game want people chat voice xd,-0.2648,0.11,0.133,0.757,Negative,-0.2625,0.4875,Negative,0,False,General Social,,5,0.3854,Frustration & Bug Complaints,True,Toxicity & Contamination Alarm,toxic,True
9348,Overwatch,Irrelevant,"His normal people hate Overwatch because the comic is so toxic... ""Yo, no one has a microphone."" 2seconds later. ""YOU ARE TRASH OMFG, GO TO BED, UNISTALL THE GAME..""",His normal people hate Overwatch because the comic is so toxic Yo no one has a microphone 2seconds later YOU ARE TRASH OMFG GO TO BED UNISTALL THE GAME,normal people hate overwatch comic so toxic yo no one microphone 2seconds later trash omfg go bed unistall game,-0.7322,0.0,0.192,0.808,Negative,-0.16,0.49,Negative,0,False,General Social,,5,0.3615,Frustration & Bug Complaints,True,Toxicity & Contamination Alarm,toxic,True
9348,Overwatch,Irrelevant,"Its normal people hate Overwatch, becouse cos comunnity is so toxic... ""Yo, no one have<unk> 2seconds later. ""YOU ARE TRASH OMFG, OFF TO BED, UNISTALL E GAME"". so Ignore that you want the people on the voice chat. xD",Its normal people hate Overwatch becouse cos comunnity is so toxic Yo no one have 2seconds later YOU ARE TRASH OMFG OFF TO BED UNISTALL E GAME so Ignore that you want the people on the voice chat xD,normal people hate overwatch becouse co comunnity so toxic yo no one 2seconds later trash omfg bed unistall game so ignore want people voice chat xd,-0.6491,0.107,0.198,0.695,Negative,-0.2625,0.4875,Negative,0,False,General Social,,5,0.3504,Frustration & Bug Complaints,True,Toxicity & Contamination Alarm,toxic,True
9348,Overwatch,Irrelevant,"Its right normal people hate Overwatch, becouse the comunnity is so toxic... "" Yo, no one will have mic "". 2seconds long later. "" YOU all ARE IN TRASH OF OMFG, GO TO get BED, UNISTALL THE GAME "".. do For that and you want the people working on the voice chat. xD",Its right normal people hate Overwatch becouse the comunnity is so toxic Yo no one will have mic 2seconds long later YOU all ARE IN TRASH OF OMFG GO TO get BED UNISTALL THE GAME do For that and you want the people working on the voice chat xD,right normal people hate overwatch becouse comunnity so toxic yo no one mic 2seconds long later trash omfg go get bed unistall game want people working voice chat xd,-0.2648,0.091,0.11,0.8,Negative,-0.1357,0.481,Negative,0,False,General Social,,5,0.2727,Frustration & Bug Complaints,True,Toxicity & Contamination Alarm,toxic,True
9348,Overwatch,Irrelevant,"to normal people without Overwatch, becouse the comunnity is so toxic... ""Yo, no rooms have mic"". then later. ""YOU ARE TRASH OMFG, GO TO NC, NOT THE HERE"".. For that you want every people in the wall chat. xD",to normal people without Overwatch becouse the comunnity is so toxic Yo no rooms have mic then later YOU ARE TRASH OMFG GO TO NC NOT THE HERE For that you want every people in the wall chat xD,normal people without overwatch becouse comunnity so toxic yo no room mic later trash omfg go nc not want every people wall chat xd,0.3892,0.117,0.057,0.826,Positive,0.075,0.325,Positive,0,False,General Social,,2,0.3584,Gaming Performance & Play,True,Toxicity & Contamination Alarm,toxic,True
9542,Overwatch,Irrelevant,"ppl on overwatch are toxic as hell, I play the game for FUN. they be like “wow that sucked” like EXCUSE ME IVE HAD THE GAME FOR LIKE 4 DAYS",ppl on overwatch are toxic as hell I play the game for FUN they be like wow that sucked like EXCUSE ME IVE HAD THE GAME FOR LIKE 4 DAYS,ppl overwatch toxic hell play game fun like wow sucked like excuse ive game like day,0.8979,0.435,0.161,0.403,Positive,-0.09,0.41,Negative,0,False,General Social,,5,0.6615,Frustration & Bug Complaints,True,Toxicity & Contamination Alarm,toxic,True
9542,Overwatch,Irrelevant,"ppl on overwatch are fucking poisonous, i play the game for FUN. they're like ""wow that socked"" like EXCUSE ME IVE HAD THE GAME FOR LIKE 4 DAYS",ppl on overwatch are fucking poisonous i play the game for FUN they're like wow that socked like EXCUSE ME IVE HAD THE GAME FOR LIKE 4 DAYS,ppl overwatch fucking poisonous play game fun like wow socked like excuse ive game like day,0.9411,0.486,0.093,0.421,Positive,-0.175,0.475,Negative,0,False,General Social,,5,0.7945,Frustration & Bug Complaints,True,Toxicity & Contamination Alarm,poisonous,True
9542,Overwatch,Irrelevant,"ppl on overwatch are toxic as hell, I play the game for FUN. they be like ""wow that sucked"" like EXCUSE ME IVE HAD THE GAME FOR LIKE 4 DAYS",ppl on overwatch are toxic as hell I play the game for FUN they be like wow that sucked like EXCUSE ME IVE HAD THE GAME FOR LIKE 4 DAYS,ppl overwatch toxic hell play game fun like wow sucked like excuse ive game like day,0.8979,0.435,0.161,0.403,Positive,-0.09,0.41,Negative,0,False,General Social,,5,0.6615,Frustration & Bug Complaints,True,Toxicity & Contamination Alarm,toxic,True
9542,Overwatch,Irrelevant,"ppl on here are toxic as ever, I play the game for FUN. they go like “wow that sucked” like EXCUSE ME IVE HAD THE GAME FOR LIKE 4 …",ppl on here are toxic as ever I play the game for FUN they go like wow that sucked like EXCUSE ME IVE HAD THE GAME FOR LIKE 4,ppl toxic ever play game fun go like wow sucked like excuse ive game like,0.9477,0.482,0.071,0.447,Positive,-0.09,0.41,Negative,0,False,General Social,,5,0.7778,Frustration & Bug Complaints,True,Toxicity & Contamination Alarm,toxic,True
9542,Overwatch,Irrelevant,"ppl on overwatch are looking toxic blue as hell, unless I play the game for an FUN. Better they just be like the “ wow that sucked that ” like EXCUSE ME IVE HAD THE AL GAME AS FOR LIKE 4 DAYS",ppl on overwatch are looking toxic blue as hell unless I play the game for an FUN Better they just be like the wow that sucked that like EXCUSE ME IVE HAD THE AL GAME AS FOR LIKE 4 DAYS,ppl overwatch looking toxic blue hell unless play game fun better like wow sucked like excuse ive al game like day,0.93,0.397,0.129,0.475,Positive,0.0071,0.3786,Neutral,0,False,General Social,,5,0.6505,Frustration & Bug Complaints,True,Toxicity & Contamination Alarm,toxic,True
9542,Overwatch,Irrelevant,"shows on overwatch are toxic as it, I play stupid game for FUN. they get like “wow that sucked” like EXCUSE ME IVE HAD IT GAME FOR WHAT 9 DAYS",shows on overwatch are toxic as it I play stupid game for FUN they get like wow that sucked like EXCUSE ME IVE HAD IT GAME FOR WHAT 9 DAYS,show overwatch toxic play stupid game fun get like wow sucked like excuse ive game day,0.871,0.395,0.147,0.458,Positive,-0.2083,0.5083,Negative,0,False,General Social,,5,0.6432,Frustration & Bug Complaints,True,Toxicity & Contamination Alarm,toxic,True
9585,Overwatch,Neutral,Trying To Get Into Diamond/ Meting toxic players youtu.be/qlV4OmGNIY4  ,Trying To Get Into Diamond Meting toxic players youtu be qlV4OmGNIY4,trying get diamond meting toxic player youtu qlv4omgniy4,0.34,0.194,0.0,0.806,Positive,0.0,0.0,Neutral,0,False,General Social,,5,0.3611,Frustration & Bug Complaints,True,Toxicity & Contamination Alarm,toxic,True
9585,Overwatch,Neutral,Trying to get into Diamond / Meting toxic players youtu.be / qlV4OmGNIY4,Trying to get into Diamond Meting toxic players youtu be qlV4OmGNIY4,trying get diamond meting toxic player youtu qlv4omgniy4,0.34,0.194,0.0,0.806,Positive,0.0,0.0,Neutral,0,False,General Social,,5,0.3611,Frustration & Bug Complaints,True,Toxicity & Contamination Alarm,toxic,True
9585,Overwatch,Neutral,Trying To Get Into Diamond / Meting toxic players youtu.be / qlV4OmGNIY4,Trying To Get Into Diamond Meting toxic players youtu be qlV4OmGNIY4,trying get diamond meting toxic player youtu qlv4omgniy4,0.34,0.194,0.0,0.806,Positive,0.0,0.0,Neutral,0,False,General Social,,5,0.3611,Frustration & Bug Complaints,True,Toxicity & Contamination Alarm,toxic,True
9585,Overwatch,Neutral,After Trying To Get Into Your Diamond / Heart Meting toxic CD players youtu. can be / qlV4OmGNIY4,After Trying To Get Into Your Diamond Heart Meting toxic CD players youtu can be qlV4OmGNIY4,trying get diamond heart meting toxic cd player youtu qlv4omgniy4,0.34,0.138,0.0,0.862,Positive,0.0,0.0,Neutral,0,False,General Social,,5,0.384,Frustration & Bug Complaints,True,Toxicity & Contamination Alarm,toxic,True
9585,Overwatch,Neutral,When To Fall Into Diamond/ Meting toxic players at.be/qlV4OmGNIY4,When To Fall Into Diamond Meting toxic players at be qlV4OmGNIY4,fall diamond meting toxic player qlv4omgniy4,0.34,0.194,0.0,0.806,Positive,0.0,0.0,Neutral,0,False,General Social,,5,0.4333,Frustration & Bug Complaints,True,Toxicity & Contamination Alarm,toxic,True
12923,Xbox(Xseries),Irrelevant,"The Falconeer - 'The Path' Gameplay Trailer  | pressakey.tube/119885 . . Generations of poisonous decisions and treason swirl in the deep, as factions collide.  ",The Falconeer - 'The Path' Gameplay Trailer pressakey tube 119885 Generations of poisonous decisions and treason swirl in the deep as factions collide,falconeer path gameplay trailer pressakey tube generation poisonous decision treason swirl deep faction collide,-0.7845,0.0,0.294,0.706,Negative,0.0,0.4,Neutral,0,False,General Social,,6,0.8609,Product Updates & Announcements,True,Toxicity & Contamination Alarm,poisonous,True
12923,Xbox(Xseries),Irrelevant,The Falconeer - 'The Path' Gameplay Trailer | pressakey.tube / 119885.. Generations of poisonous decisions and betrayal swirl in the depths as the factions clash.,The Falconeer - 'The Path' Gameplay Trailer pressakey tube 119885 Generations of poisonous decisions and betrayal swirl in the depths as the factions clash,falconeer path gameplay trailer pressakey tube generation poisonous decision betrayal swirl depth faction clash,-0.8176,0.0,0.263,0.737,Negative,0.0,0.0,Neutral,0,False,General Social,,6,0.8331,Product Updates & Announcements,True,Toxicity & Contamination Alarm,poisonous,True
12923,Xbox(Xseries),Irrelevant,"The Falconeer - 'The Path' Gameplay File  | pressakey.tube/119885<unk>. Generations where poisonous decisions and treason swirl in the deep, as factions collide.",The Falconeer - 'The Path' Gameplay File pressakey tube 119885 Generations where poisonous decisions and treason swirl in the deep as factions collide,falconeer path gameplay file pressakey tube generation poisonous decision treason swirl deep faction collide,-0.7845,0.0,0.294,0.706,Negative,0.0,0.4,Neutral,0,False,General Social,,6,0.6942,Product Updates & Announcements,True,Toxicity & Contamination Alarm,poisonous,True
12923,Xbox(Xseries),Irrelevant,"The Silver Falconeer -'Behind The Path'Gameplay Trailer | pressakey. de tube / 119885.. the Generations of poisonous decisions and black treason swirl in down the deep, such as factions inevitably collide.",The Silver Falconeer -'Behind The Path'Gameplay Trailer pressakey de tube 119885 the Generations of poisonous decisions and black treason swirl in down the deep such as factions inevitably collide,silver falconeer behind path'gameplay trailer pressakey de tube generation poisonous decision black treason swirl deep faction inevitably collide,-0.7845,0.0,0.233,0.767,Negative,-0.1204,0.5537,Negative,0,False,General Social,,6,0.8957,Product Updates & Announcements,True,Toxicity & Contamination Alarm,poisonous,True
12923,Xbox(Xseries),Irrelevant,"The Falconeer - 'The Trial' Gameplay Trailer | pressakey.tube/119885.. Generations of poisonous snakes called treason swirl so very deep, as people collide.",The Falconeer - 'The Trial' Gameplay Trailer pressakey tube 119885 Generations of poisonous snakes called treason swirl so very deep as people collide,falconeer trial gameplay trailer pressakey tube generation poisonous snake called treason swirl so very deep people collide,-0.7845,0.0,0.294,0.706,Negative,0.0,0.52,Neutral,0,False,General Social,,6,0.6974,Product Updates & Announcements,True,Toxicity & Contamination Alarm,poisonous,True
13089,Xbox(Xseries),Negative,too bad the developers in the recent years care more about graphics than the game itself. they fear releasing proper gameplay cause the fans have become toxic enough to get hyped up for a lost cause. muh damn graphics..  ,too bad the developers in the recent years care more about graphics than the game itself they fear releasing proper gameplay cause the fans have become toxic enough to get hyped up for a lost cause muh damn graphics,too bad developer recent year care more graphic game fear releasing proper gameplay cause fan become toxic enough get hyped lost cause muh damn graphic,-0.8176,0.067,0.244,0.689,Negative,-0.1,0.4028,Negative,0,False,General Social,,2,0.238,Gaming Performance & Play,True,Toxicity & Contamination Alarm,toxic,True
13089,Xbox(Xseries),Negative,It's just a pity that in recent years the developers have been more concerned about graphics than the game itself. They're afraid to get the right gameplay out because the fans have become toxic enough to be hyped up for a lost occasion. muh damn graphics.,It's just a pity that in recent years the developers have been more concerned about graphics than the game itself They're afraid to get the right gameplay out because the fans have become toxic enough to be hyped up for a lost occasion muh damn graphics,pity recent year developer more concerned graphic game afraid get right gameplay fan become toxic enough hyped lost occasion muh damn graphic,-0.7351,0.0,0.149,0.851,Negative,-0.0449,0.4694,Neutral,0,False,General Social,,6,0.2601,Product Updates & Announcements,True,Toxicity & Contamination Alarm,toxic,True
13089,Xbox(Xseries),Negative,It is bad enough that developers in recent years care more about graphics than about the game itself. They fear that the wrong gameplay will make fans so toxic that they will lose interest in the game.,It is bad enough that developers in recent years care more about graphics than about the game itself They fear that the wrong gameplay will make fans so toxic that they will lose interest in the game,bad enough developer recent year care more graphic game fear wrong gameplay make fan so toxic lose interest game,-0.743,0.125,0.252,0.624,Negative,-0.2143,0.5167,Negative,0,False,General Social,,5,0.3177,Frustration & Bug Complaints,True,Toxicity & Contamination Alarm,toxic,True
13089,Xbox(Xseries),Negative,too bad the developers through the recent years care more for graphics than the game itself. they fear releasing proper gameplay cos sometimes fans have become toxic enough to get hyped up for a lost cause. muh damn graphics..,too bad the developers through the recent years care more for graphics than the game itself they fear releasing proper gameplay cos sometimes fans have become toxic enough to get hyped up for a lost cause muh damn graphics,too bad developer recent year care more graphic game fear releasing proper gameplay co sometimes fan become toxic enough get hyped lost cause muh damn graphic,-0.8176,0.067,0.244,0.689,Negative,-0.1,0.4028,Negative,0,False,General Social,,2,0.2511,Gaming Performance & Play,True,Toxicity & Contamination Alarm,toxic,True
13089,Xbox(Xseries),Negative,too bad for the developers in the recent years all care more about graphics than the game itself. However they will fear releasing proper quality gameplay and cause again the fans might have become toxic enough to get hyped up for a lost cause. muh damn poor graphics..,too bad for the developers in the recent years all care more about graphics than the game itself However they will fear releasing proper quality gameplay and cause again the fans might have become toxic enough to get hyped up for a lost cause muh damn poor graphics,too bad developer recent year care more graphic game however fear releasing proper quality gameplay cause fan might become toxic enough get hyped lost cause muh damn poor graphic,-0.891,0.054,0.251,0.695,Negative,-0.1429,0.431,Negative,0,False,General Social,,2,0.2157,Gaming Performance & Play,True,Toxicity & Contamination Alarm,toxic,True
13089,Xbox(Xseries),Negative,too bad much developers in the recent years care more about graphics than the game itself. they fear releasing fresh content to the fans will become toxic enough to get hyped up for a lost cause. muh oh graphics..,too bad much developers in the recent years care more about graphics than the game itself they fear releasing fresh content to the fans will become toxic enough to get hyped up for a lost cause muh oh graphics,too bad much developer recent year care more graphic game fear releasing fresh content fan become toxic enough get hyped lost cause muh oh graphic,-0.5423,0.116,0.189,0.695,Negative,-0.0143,0.431,Neutral,0,False,General Social,,5,0.2597,Frustration & Bug Complaints,True,Toxicity & Contamination Alarm,toxic,True
8622,NBA2K,Negative,@NBA2K why are you so toxic.,why are you so toxic,so toxic,0.0,0.0,0.0,1.0,Neutral,0.0,0.0,Neutral,0,False,General Social,,5,0.5829,Frustration & Bug Complaints,True,Toxicity & Contamination Alarm,toxic,True
8622,NBA2K,Negative,@ NBA2K why are you so toxic.,NBA2K why are you so toxic,nba2k so toxic,0.0,0.0,0.0,1.0,Neutral,0.0,0.0,Neutral,0,False,General Social,,1,0.3889,Digital Culture & Media,True,Toxicity & Contamination Alarm,toxic,True
8622,NBA2K,Negative,@ N2K why are you so toxic.,N2K why are you so toxic,n2k so toxic,0.0,0.0,0.0,1.0,Neutral,0.0,0.0,Neutral,0,False,General Social,,5,0.7221,Frustration & Bug Complaints,True,Toxicity & Contamination Alarm,toxic,True
8622,NBA2K,Negative,@NBA2K TF are you so toxic.,TF are you so toxic,tf so toxic,0.0,0.0,0.0,1.0,Neutral,0.0,0.0,Neutral,0,False,General Social,,5,0.3886,Frustration & Bug Complaints,True,Toxicity & Contamination Alarm,toxic,True
8622,NBA2K,Negative,@NBA2K you why are you not so toxic.,you why are you not so toxic,not so toxic,0.0,0.0,0.0,1.0,Neutral,0.0,0.0,Neutral,0,False,General Social,,5,0.5829,Frustration & Bug Complaints,True,Toxicity & Contamination Alarm,toxic,True
8622,NBA2K,Negative,@NBA2K why are you an toxic.,why are you an toxic,toxic,0.0,0.0,0.0,1.0,Neutral,0.0,0.0,Neutral,0,False,General Social,,5,0.5829,Frustration & Bug Complaints,True,Toxicity & Contamination Alarm,toxic,True
2960,Dota2,Negative,@DOTA2 do you guys even care about the player base anymore? whats the point of having a 9.8k behaviour score if more than half of my games have toxic ragequitters and tilters in them?,do you guys even care about the player base anymore whats the point of having a 9 8k behaviour score if more than half of my games have toxic ragequitters and tilters in them,guy even care player base anymore whats point 8k behaviour score more half game toxic ragequitters tilter,0.4939,0.094,0.0,0.906,Positive,-0.1556,0.5556,Negative,0,False,General Social,,5,0.5216,Frustration & Bug Complaints,True,Toxicity & Contamination Alarm,toxic,True
2960,Dota2,Negative,@ DOTA2 Do you care about the player base at all? What's the use of 9.8k if more than half of my games contain toxic rage quitters and dump trucks?,DOTA2 Do you care about the player base at all What's the use of 9 8k if more than half of my games contain toxic rage quitters and dump trucks,dota2 care player base use 8k more half game contain toxic rage quitter dump truck,-0.4588,0.09,0.175,0.734,Negative,-0.1556,0.5556,Negative,0,False,General Social,,5,0.3386,Frustration & Bug Complaints,True,Toxicity & Contamination Alarm,toxic,True
2960,Dota2,Negative,@ DA2 do you guys care more about the player base? What's the point of having a 9.8k score on behavior when more than half of my games contain toxic ragabashniks and tilts?,DA2 do you guys care more about the player base What's the point of having a 9 8k score on behavior when more than half of my games contain toxic ragabashniks and tilts,da2 guy care more player base point 8k score behavior more half game contain toxic ragabashniks tilt,0.4939,0.096,0.0,0.904,Positive,0.0083,0.5417,Neutral,0,False,General Social,,5,0.4153,Frustration & Bug Complaints,True,Toxicity & Contamination Alarm,toxic,True
2960,Dota2,Negative,@DOTA2 do you guys even care about the player base anymore? whats much point of having a 9.8k behaviour score if more than half that the games have toxic ragequitters and tilters ruining them?,do you guys even care about the player base anymore whats much point of having a 9 8k behaviour score if more than half that the games have toxic ragequitters and tilters ruining them,guy even care player base anymore whats much point 8k behaviour score more half game toxic ragequitters tilter ruining,0.296,0.091,0.057,0.852,Positive,-0.0667,0.4667,Negative,0,False,General Social,,5,0.4739,Frustration & Bug Complaints,True,Toxicity & Contamination Alarm,toxic,True
2960,Dota2,Negative,@DOTA2 and do you guys even care about the player club base count anymore? whats the point anymore of having over a 9. 8k behaviour score and if more than half of my games have toxic ragequitters and jet tilters walking in amongst them?,and do you guys even care about the player club base count anymore whats the point anymore of having over a 9 8k behaviour score and if more than half of my games have toxic ragequitters and jet tilters walking in amongst them,guy even care player club base count anymore whats point anymore 8k behaviour score more half game toxic ragequitters jet tilter walking amongst,0.4939,0.074,0.0,0.926,Positive,-0.1556,0.5556,Negative,0,False,General Social,,5,0.5175,Frustration & Bug Complaints,True,Toxicity & Contamination Alarm,toxic,True
2960,Dota2,Negative,@DOTA2 do some guys still care about the player physically anymore? It the point of having a 9.8k behaviour score if more than half a my buddies have toxic ragequitters and tilters in general?,do some guys still care about the player physically anymore It the point of having a 9 8k behaviour score if more than half a my buddies have toxic ragequitters and tilters in general,guy still care player physically anymore point 8k behaviour score more half buddy toxic ragequitters tilter general,0.4939,0.096,0.0,0.904,Positive,0.0958,0.3274,Positive,0,False,General Social,,5,0.6392,Frustration & Bug Complaints,True,Toxicity & Contamination Alarm,toxic,True
3003,Dota2,Negative,Toxic,Toxic,toxic,0.0,0.0,0.0,1.0,Neutral,0.0,0.0,Neutral,0,False,General Social,,5,0.5829,Frustration & Bug Complaints,True,Toxicity & Contamination Alarm,toxic,True
3003,Dota2,Negative,Toxic substances,Toxic substances,toxic substance,0.0,0.0,0.0,1.0,Neutral,0.0,0.0,Neutral,0,False,General Social,,5,0.5829,Frustration & Bug Complaints,True,Toxicity & Contamination Alarm,toxic,True
3003,Dota2,Negative,Anti Toxic,Anti Toxic,anti toxic,-0.3182,0.0,0.697,0.303,Negative,0.0,0.0,Neutral,0,False,General Social,,4,0.3889,Community & Social Interaction,True,Toxicity & Contamination Alarm,toxic,True
3042,Dota2,Negative,Toxic Carry,Toxic Carry,toxic carry,0.0,0.0,0.0,1.0,Neutral,0.0,0.0,Neutral,0,False,General Social,,3,0.721,Customer Experience & Support,True,Toxicity & Contamination Alarm,toxic,True
3042,Dota2,Negative,Toxic Materials,Toxic Materials,toxic material,0.0,0.0,0.0,1.0,Neutral,0.0,0.0,Neutral,0,False,General Social,,3,0.721,Customer Experience & Support,True,Toxicity & Contamination Alarm,toxic,True
3042,Dota2,Negative,More Toxic Carry,More Toxic Carry,more toxic carry,0.0,0.0,0.0,1.0,Neutral,0.5,0.5,Positive,0,False,General Social,,3,0.721,Customer Experience & Support,True,Toxicity & Contamination Alarm,toxic,True
3042,Dota2,Negative,Toxic H,Toxic H,toxic,0.0,0.0,0.0,1.0,Neutral,0.0,0.0,Neutral,0,False,General Social,,5,0.5829,Frustration & Bug Complaints,True,Toxicity & Contamination Alarm,toxic,True
3071,Dota2,Irrelevant,Toxic team,Toxic team,toxic team,0.0,0.0,0.0,1.0,Neutral,0.0,0.0,Neutral,0,False,General Social,,6,0.3889,Product Updates & Announcements,True,Toxicity & Contamination Alarm,toxic,True
3071,Dota2,Irrelevant,Toxic Team,Toxic Team,toxic team,0.0,0.0,0.0,1.0,Neutral,0.0,0.0,Neutral,0,False,General Social,,6,0.3889,Product Updates & Announcements,True,Toxicity & Contamination Alarm,toxic,True
3071,Dota2,Irrelevant,Toxic<unk>,Toxic,toxic,0.0,0.0,0.0,1.0,Neutral,0.0,0.0,Neutral,0,False,General Social,,5,0.5829,Frustration & Bug Complaints,True,Toxicity & Contamination Alarm,toxic,True
3071,Dota2,Irrelevant,Japan Toxic team,Japan Toxic team,japan toxic team,0.0,0.0,0.0,1.0,Neutral,0.0,0.0,Neutral,0,False,General Social,,6,0.3889,Product Updates & Announcements,True,Toxicity & Contamination Alarm,toxic,True
3071,Dota2,Irrelevant,Toxic Body,Toxic Body,toxic body,0.0,0.0,0.0,1.0,Neutral,0.0,0.0,Neutral,0,False,General Social,,5,0.7221,Frustration & Bug Complaints,True,Toxicity & Contamination Alarm,toxic,True
3162,Dota2,Irrelevant,"Skl. Infamously known worldwide ang filipino sa dota 2 community. Ang tawag saila/saton 'peenoise' due their toxic behavior sa hampang, never would've thought nga pati pa gale sa government aspect may ara japon toxic",Skl Infamously known worldwide ang filipino sa dota 2 community Ang tawag saila saton 'peenoise' due their toxic behavior sa hampang never would've thought nga pati pa gale sa government aspect may ara japon toxic,skl infamously known worldwide ang filipino sa dota community ang tawag saila saton peenoise due toxic behavior sa hampang never would thought nga pati pa gale sa government aspect may ara japon toxic,0.0,0.0,0.0,1.0,Neutral,-0.3125,0.6875,Negative,0,False,General Social,,5,0.5672,Frustration & Bug Complaints,True,Toxicity & Contamination Alarm,toxic,True
3162,Dota2,Irrelevant,"Skl. Infamous known worldwide ang filipino sa dota 2 community. Ang tawag saila / saton ""peenoise"" due to their toxic behavior sa hampang, never thought that nga pati pa gale sa government aspect may ara japon toxic",Skl Infamous known worldwide ang filipino sa dota 2 community Ang tawag saila saton peenoise due to their toxic behavior sa hampang never thought that nga pati pa gale sa government aspect may ara japon toxic,skl infamous known worldwide ang filipino sa dota community ang tawag saila saton peenoise due toxic behavior sa hampang never thought nga pati pa gale sa government aspect may ara japon toxic,0.0,0.0,0.0,1.0,Neutral,-0.3125,0.6875,Negative,0,False,General Social,,5,0.5672,Frustration & Bug Complaints,True,Toxicity & Contamination Alarm,toxic,True
3162,Dota2,Irrelevant,"The scandalous worldwide community of ang filipino sa dota 2. Ang tawag saila / saton 'peenoise' because of their toxic behavior sa hampang, would never have thought that the nga pati pa gale sa government aspect could be related to toxic substances.",The scandalous worldwide community of ang filipino sa dota 2 Ang tawag saila saton 'peenoise' because of their toxic behavior sa hampang would never have thought that the nga pati pa gale sa government aspect could be related to toxic substances,scandalous worldwide community ang filipino sa dota ang tawag saila saton peenoise toxic behavior sa hampang would never thought nga pati pa gale sa government aspect could related toxic substance,-0.5267,0.0,0.08,0.92,Negative,0.0,0.4,Neutral,0,False,General Social,,5,0.6408,Frustration & Bug Complaints,True,Toxicity & Contamination Alarm,toxic,True
3162,Dota2,Irrelevant,"Skl. Infamously known worldwide ang filipino sa dota 2 community. Ang tawag saila/saton t' due no suspicious behavior ang hampang, never would've thought nga pati po gale sa government at may ara japon toxic",Skl Infamously known worldwide ang filipino sa dota 2 community Ang tawag saila saton t' due no suspicious behavior ang hampang never would've thought nga pati po gale sa government at may ara japon toxic,skl infamously known worldwide ang filipino sa dota community ang tawag saila saton due no suspicious behavior ang hampang never would thought nga pati po gale sa government may ara japon toxic,-0.8074,0.0,0.211,0.789,Negative,-0.3125,0.6875,Negative,0,False,General Social,,5,0.5381,Frustration & Bug Complaints,True,Toxicity & Contamination Alarm,toxic,True
3162,Dota2,Irrelevant,"5 Skl. Infamously not known worldwide to ang filipino into sa dota 2 community. Ang mi tawag to saila / saton'peenoise'due their toxic behavior sa hampang, never would've thought but nga pati pa lo gale of sa government of aspect may ara japon toxic",5 Skl Infamously not known worldwide to ang filipino into sa dota 2 community Ang mi tawag to saila saton'peenoise'due their toxic behavior sa hampang never would've thought but nga pati pa lo gale of sa government of aspect may ara japon toxic,skl infamously not known worldwide ang filipino sa dota community ang mi tawag saila saton'peenoise'due toxic behavior sa hampang never would thought but nga pati pa lo gale sa government aspect may ara japon toxic,0.0,0.0,0.0,1.0,Neutral,0.0625,0.6875,Positive,0,False,General Social,,5,0.5672,Frustration & Bug Complaints,True,Toxicity & Contamination Alarm,toxic,True
3162,Dota2,Irrelevant,"<unk>. internationally known worldwide ang filipino sa dota global community. I tawag victim/saton 'peenoise' component of toxic behavior sa hampang, but you've thought nga pati pa gale sa government aspect of ara japon toxic",internationally known worldwide ang filipino sa dota global community I tawag victim saton 'peenoise' component of toxic behavior sa hampang but you've thought nga pati pa gale sa government aspect of ara japon toxic,internationally known worldwide ang filipino sa dota global community tawag victim saton peenoise component toxic behavior sa hampang but thought nga pati pa gale sa government aspect ara japon toxic,-0.1406,0.0,0.046,0.954,Negative,-0.025,0.0167,Neutral,0,False,General Social,,5,0.5294,Frustration & Bug Complaints,True,Toxicity & Contamination Alarm,toxic,True
3183,Dota2,Negative,Typical toxic sea server,Typical toxic sea server,typical toxic sea server,0.0,0.0,0.0,1.0,Neutral,-0.1667,0.5,Negative,0,False,General Social,,5,0.5416,Frustration & Bug Complaints,True,Toxicity & Contamination Alarm,toxic,True
3183,Dota2,Negative,Typical poisonous sea server,Typical poisonous sea server,typical poisonous sea server,-0.5719,0.0,0.552,0.448,Negative,-0.1667,0.5,Negative,0,False,General Social,,1,0.3889,Digital Culture & Media,True,Toxicity & Contamination Alarm,poisonous,True
3183,Dota2,Negative,A Dangerous Toxic Marine Server,A Dangerous Toxic Marine Server,dangerous toxic marine server,-0.4767,0.0,0.508,0.492,Negative,-0.6,0.9,Negative,0,False,General Social,,1,0.2917,Digital Culture & Media,True,Toxicity & Contamination Alarm,toxic,True
3183,Dota2,Negative,Typical toxic organic sea server,Typical toxic organic sea server,typical toxic organic sea server,0.0,0.0,0.0,1.0,Neutral,-0.1667,0.5,Negative,0,False,General Social,,5,0.5416,Frustration & Bug Complaints,True,Toxicity & Contamination Alarm,toxic,True
3183,Dota2,Negative,this toxic sea server,this toxic sea server,toxic sea server,0.0,0.0,0.0,1.0,Neutral,0.0,0.0,Neutral,0,False,General Social,,5,0.5416,Frustration & Bug Complaints,True,Toxicity & Contamination Alarm,toxic,True
9985,PlayStation5(PS5),Negative,"When you set up your PlayStation 5, you should remember that it is designed to stay outdoors, like air conditioners... PlayStation 5 runs at dangerously high temperatures and also emits toxic fumes. Please be careful and handle your PlayStation 5 properly.",When you set up your PlayStation 5 you should remember that it is designed to stay outdoors like air conditioners PlayStation 5 runs at dangerously high temperatures and also emits toxic fumes Please be careful and handle your PlayStation 5 properly,set playstation remember designed stay outdoors like air conditioner playstation run dangerously high temperature also emits toxic fume please careful handle playstation properly,0.3182,0.147,0.094,0.759,Positive,0.02,0.5467,Neutral,0,False,General Social,,6,0.367,Product Updates & Announcements,True,Toxicity & Contamination Alarm,toxic,True
4174,CS-GO,Irrelevant,"Live with some  . . ""why you so toxic"" - random teammate. ""I've fucked your mum"" - My long lost 12 year old father. . Twitch.tv/casualcable",Live with some why you so toxic - random teammate I've fucked your mum - My long lost 12 year old father Twitch tv casualcable,live so toxic random teammate fucked mum long lost year old father twitch tv casualcable,-0.7717,0.0,0.242,0.758,Negative,-0.1827,0.46,Negative,0,False,General Social,,3,0.5138,Customer Experience & Support,True,Toxicity & Contamination Alarm,toxic,True
4174,CS-GO,Irrelevant,"Live with some.. ""why you so toxic"" - random teammate. ""I've fucked your mum"" - My long-lost 12-year-old father.. Twitch.tv / casual cable",Live with some why you so toxic - random teammate I've fucked your mum - My long-lost 12-year-old father Twitch tv casual cable,live so toxic random teammate fucked mum long-lost 12-year-old father twitch tv casual cable,-0.5574,0.071,0.175,0.754,Negative,-0.3659,0.6417,Negative,0,False,General Social,,3,0.4111,Customer Experience & Support,True,Toxicity & Contamination Alarm,toxic,True
4174,CS-GO,Irrelevant,"Live with some . Feeling ""why you feel toxic"" My random teammate. ""I've fucked your mum"" - My long lost 55 year old father.. Twitch.tv/casualcable",Live with some Feeling why you feel toxic My random teammate I've fucked your mum - My long lost 55 year old father Twitch tv casualcable,live feeling feel toxic random teammate fucked mum long lost year old father twitch tv casualcable,-0.7351,0.05,0.222,0.728,Negative,-0.1827,0.46,Negative,0,False,General Social,,3,0.4134,Customer Experience & Support,True,Toxicity & Contamination Alarm,toxic,True
4174,CS-GO,Irrelevant,"Live with some.. "" Then why call you so toxic "" - random young teammate. "" Because I've fucked your mum "" - My own long lost 12 year of old father.. to Twitch. tv / from casualcable",Live with some Then why call you so toxic - random young teammate Because I've fucked your mum - My own long lost 12 year of old father to Twitch tv from casualcable,live call so toxic random young teammate fucked mum long lost year old father twitch tv casualcable,-0.7717,0.0,0.188,0.812,Negative,-0.0305,0.5286,Neutral,0,False,General Social,,3,0.4743,Customer Experience & Support,True,Toxicity & Contamination Alarm,toxic,True
4204,CS-GO,Negative,Probably the most toxic game base besides csgo,Probably the most toxic game base besides csgo,probably most toxic game base besides csgo,0.0,0.0,0.0,1.0,Neutral,-0.2333,0.6333,Negative,0,False,General Social,,2,0.3611,Gaming Performance & Play,True,Toxicity & Contamination Alarm,toxic,True
4204,CS-GO,Negative,Probably the most poisonous gaming base besides csgo,Probably the most poisonous gaming base besides csgo,probably most poisonous gaming base besides csgo,-0.6115,0.0,0.363,0.637,Negative,-0.15,0.75,Negative,0,False,General Social,,2,0.4333,Gaming Performance & Play,True,Toxicity & Contamination Alarm,poisonous,True
4204,CS-GO,Negative,Perhaps the most toxic gaming base is csgo,Perhaps the most toxic gaming base is csgo,perhaps most toxic gaming base csgo,0.0,0.0,0.0,1.0,Neutral,-0.15,0.75,Negative,0,False,General Social,,2,0.4333,Gaming Performance & Play,True,Toxicity & Contamination Alarm,toxic,True
4204,CS-GO,Negative,Probably the most toxic game base besides Madden,Probably the most toxic game base besides Madden,probably most toxic game base besides madden,0.0,0.0,0.0,1.0,Neutral,-0.2333,0.6333,Negative,0,False,General Social,,5,0.4882,Frustration & Bug Complaints,True,Toxicity & Contamination Alarm,toxic,True
4204,CS-GO,Negative,Probably the fifth most toxic animal game base besides csgo,Probably the fifth most toxic animal game base besides csgo,probably fifth most toxic animal game base besides csgo,0.0,0.0,0.0,1.0,Neutral,-0.2333,0.6333,Negative,0,False,General Social,,5,0.4184,Frustration & Bug Complaints,True,Toxicity & Contamination Alarm,toxic,True
4204,CS-GO,Negative,Probably the most toxic game<unk> besides csgo,Probably the most toxic game besides csgo,probably most toxic game besides csgo,0.0,0.0,0.0,1.0,Neutral,0.05,0.45,Neutral,0,False,General Social,,5,0.3514,Frustration & Bug Complaints,True,Toxicity & Contamination Alarm,toxic,True
4227,CS-GO,Irrelevant,Seems like all toxic csgo russians have started to play Overwatch. :(,Seems like all toxic csgo russians have started to play Overwatch,seems like toxic csgo russian started play overwatch,0.5994,0.353,0.0,0.647,Positive,0.0,0.0,Neutral,0,False,General Social,,5,0.4857,Frustration & Bug Complaints,True,Toxicity & Contamination Alarm,toxic,True
4227,CS-GO,Irrelevant,It seems that all poisonous Csgo Russians have begun to play Overwatch.: (,It seems that all poisonous Csgo Russians have begun to play Overwatch,seems poisonous csgo russian begun play overwatch,-0.3182,0.149,0.23,0.621,Negative,0.0,0.0,Neutral,0,False,General Social,,5,0.4079,Frustration & Bug Complaints,True,Toxicity & Contamination Alarm,poisonous,True
4227,CS-GO,Irrelevant,It seems that all the poisonous csgo have started to play Overwatch.: (,It seems that all the poisonous csgo have started to play Overwatch,seems poisonous csgo started play overwatch,-0.3182,0.149,0.23,0.621,Negative,0.0,0.0,Neutral,0,False,General Social,,1,0.3455,Digital Culture & Media,True,Toxicity & Contamination Alarm,poisonous,True
4227,CS-GO,Irrelevant,Seems like all toxic csgo ans have started to play Overwatch. :(,Seems like all toxic csgo ans have started to play Overwatch,seems like toxic csgo an started play overwatch,0.5994,0.353,0.0,0.647,Positive,0.0,0.0,Neutral,0,False,General Social,,5,0.5605,Frustration & Bug Complaints,True,Toxicity & Contamination Alarm,toxic,True
4227,CS-GO,Irrelevant,Seems... like all other toxic csgo russians have started keen to play Overwatch. : (,Seems like all other toxic csgo russians have started keen to play Overwatch,seems like toxic csgo russian started keen play overwatch,0.7506,0.425,0.0,0.575,Positive,-0.125,0.375,Negative,0,False,General Social,,5,0.4857,Frustration & Bug Complaints,True,Toxicity & Contamination Alarm,toxic,True
485,ApexLegends,Neutral,Apex Legends stream rn! Super toxic pubs w/Caustic .  . @TwitchRTSupport . @ApexRetweets_ . @RexRTs . @twitchpromoters. @TwitchStreamTTV . @TwitchHost. @TwitchReTweets.  . twitch.tv/kmoneyftw,Apex Legends stream rn Super toxic pubs w Caustic twitch tv kmoneyftw,apex legend stream rn super toxic pub caustic twitch tv kmoneyftw,0.5994,0.281,0.0,0.719,Positive,-0.0333,0.6333,Neutral,0,False,General Social,,3,0.5165,Customer Experience & Support,True,Toxicity & Contamination Alarm,toxic,True
485,ApexLegends,Neutral,Apex Legends stream rn! Super toxic pubs w / Caustic.. @ TwitchRTSupport. @ ApexRetweets _. @ RexRTs. @ twitchpromoters. @ TwitchStreamTTV. @ TwitchHost. @ TwitchReTweets... twitch.tv / kmoneyftw,Apex Legends stream rn Super toxic pubs w Caustic TwitchRTSupport ApexRetweets RexRTs twitchpromoters TwitchStreamTTV TwitchHost TwitchReTweets twitch tv kmoneyftw,apex legend stream rn super toxic pub caustic twitchrtsupport apexretweets rexrts twitchpromoters twitchstreamttv twitchhost twitchretweets twitch tv kmoneyftw,0.5994,0.187,0.0,0.813,Positive,-0.0333,0.6333,Neutral,0,False,General Social,,3,0.5165,Customer Experience & Support,True,Toxicity & Contamination Alarm,toxic,True
485,ApexLegends,Neutral,Apex Legends stream! Super toxic pw / Caustic... @ tchRetweets _. @ RexRetweets _. @ rexRetweets _. @ tchStreamTTV. @ tchRetweets _. @ tchRetweets _. @ tchRetweets _. @ tchRetweets _. @ tchRetweets _. @ tchRetweets _. @ tchRetchRetchTTV. @ tchRetchRetweets _. @ tch.tv / kmoneyw,Apex Legends stream Super toxic pw Caustic tchRetweets RexRetweets rexRetweets tchStreamTTV tchRetweets tchRetweets tchRetweets tchRetweets tchRetweets tchRetweets tchRetchRetchTTV tchRetchRetweets tch tv kmoneyw,apex legend stream super toxic pw caustic tchretweets rexretweets rexretweets tchstreamttv tchretweets tchretweets tchretweets tchretweets tchretweets tchretweets tchretchretchttv tchretchretweets tch tv kmoneyw,0.5994,0.157,0.0,0.843,Positive,-0.0333,0.6333,Neutral,0,False,General Social,,3,0.5206,Customer Experience & Support,True,Toxicity & Contamination Alarm,toxic,True
485,ApexLegends,Neutral,Apex Legends stream rn! Super toxic pubs w/Caustic .  . RhandlerR . RhandlerR . RhandlerR . RhandlerR. RhandlerR . RhandlerR. RhandlerR.  . twitch.tv/kmoneyftw,Apex Legends stream rn Super toxic pubs w Caustic RhandlerR RhandlerR RhandlerR RhandlerR RhandlerR RhandlerR RhandlerR twitch tv kmoneyftw,apex legend stream rn super toxic pub caustic rhandlerr rhandlerr rhandlerr rhandlerr rhandlerr rhandlerr rhandlerr twitch tv kmoneyftw,0.5994,0.187,0.0,0.813,Positive,-0.0333,0.6333,Neutral,0,False,General Social,,6,0.4663,Product Updates & Announcements,True,Toxicity & Contamination Alarm,toxic,True
485,ApexLegends,Neutral,and Apex Legends stream rn! Super toxic pubs w/Caustic .  . RhandlerR . RhandlerR . RhandlerR . RhandlerR. RhandlerR . RhandlerR. RhandlerR.  . twitch.tv/kmoneyftw,and Apex Legends stream rn Super toxic pubs w Caustic RhandlerR RhandlerR RhandlerR RhandlerR RhandlerR RhandlerR RhandlerR twitch tv kmoneyftw,apex legend stream rn super toxic pub caustic rhandlerr rhandlerr rhandlerr rhandlerr rhandlerr rhandlerr rhandlerr twitch tv kmoneyftw,0.5994,0.178,0.0,0.822,Positive,-0.0333,0.6333,Neutral,0,False,General Social,,6,0.4663,Product Updates & Announcements,True,Toxicity & Contamination Alarm,toxic,True
518,ApexLegends,Negative,"literally toxic bro, left the game when i was clear to res him. oh and i knocked the same person three times, talk about frustration lmao .  ",literally toxic bro left the game when i was clear to res him oh and i knocked the same person three times talk about frustration lmao,literally toxic bro left game clear re oh knocked person three time talk frustration lmao,0.5267,0.212,0.101,0.686,Positive,0.06,0.3817,Positive,0,False,General Social,,5,0.4517,Frustration & Bug Complaints,True,Toxicity & Contamination Alarm,toxic,True
518,ApexLegends,Negative,"Literally toxic bro, left the game when I realized res him. Oh and I knocked the same person three times, talking about frustration lmao.",Literally toxic bro left the game when I realized res him Oh and I knocked the same person three times talking about frustration lmao,literally toxic bro left game realized re oh knocked person three time talking frustration lmao,0.2023,0.144,0.115,0.741,Positive,0.05,0.3812,Neutral,0,False,General Social,,5,0.5329,Frustration & Bug Complaints,True,Toxicity & Contamination Alarm,toxic,True
518,ApexLegends,Negative,"literally toxic bro, came out of the game when I was clear to him. Oh and I hit the same person three times to talk about lmao disappointment.",literally toxic bro came out of the game when I was clear to him Oh and I hit the same person three times to talk about lmao disappointment,literally toxic bro came game clear oh hit person three time talk lmao disappointment,0.4939,0.198,0.101,0.701,Positive,-0.06,0.4617,Negative,0,False,General Social,,3,0.4316,Customer Experience & Support,True,Toxicity & Contamination Alarm,toxic,True
518,ApexLegends,Negative,"literally toxic bro, left the game when everything was clear to res him. oh and thats knocked the same person 15 times, talk about frustration lmao.",literally toxic bro left the game when everything was clear to res him oh and thats knocked the same person 15 times talk about frustration lmao,literally toxic bro left game everything clear re oh thats knocked person time talk frustration lmao,0.5267,0.199,0.095,0.706,Positive,0.06,0.3817,Positive,0,False,General Social,,5,0.5026,Frustration & Bug Complaints,True,Toxicity & Contamination Alarm,toxic,True
518,ApexLegends,Negative,"literally completely toxic bro, left the game when I i was clear to res him. you oh and i knocked the same person three enough times, talk about i frustration that lmao.",literally completely toxic bro left the game when I i was clear to res him you oh and i knocked the same person three enough times talk about i frustration that lmao,literally completely toxic bro left game clear re oh knocked person three enough time talk frustration lmao,0.5267,0.188,0.09,0.723,Positive,0.0571,0.4012,Positive,0,False,General Social,,5,0.4135,Frustration & Bug Complaints,True,Toxicity & Contamination Alarm,toxic,True
518,ApexLegends,Negative,"literally poor bro, left this game when i was clear to res him. His and i knocked the same round three times, talk about toxic lmao.",literally poor bro left this game when i was clear to res him His and i knocked the same round three times talk about toxic lmao,literally poor bro left game clear re knocked round three time talk toxic lmao,0.5267,0.212,0.101,0.686,Positive,-0.0429,0.4155,Neutral,0,False,General Social,,5,0.4517,Frustration & Bug Complaints,True,Toxicity & Contamination Alarm,toxic,True
672,ApexLegends,Irrelevant,Just unfollowed this loser-ass page because they post simp-ass shit like this that is overall EXTREMELY toxic for the community.,Just unfollowed this loser-ass page because they post simp-ass shit like this that is overall EXTREMELY toxic for the community,unfollowed loser-ass page post simp-ass shit like overall extremely toxic community,-0.2732,0.104,0.149,0.747,Negative,-0.1083,0.6,Negative,0,False,General Social,,5,0.5842,Frustration & Bug Complaints,True,Toxicity & Contamination Alarm,toxic,True
672,ApexLegends,Irrelevant,Just don't follow this loser ass page because they post such a shit that is totally EXTREMELY toxic to the community.,Just don't follow this loser ass page because they post such a shit that is totally EXTREMELY toxic to the community,n't follow loser as page post shit totally extremely toxic community,-0.9022,0.0,0.395,0.605,Negative,-0.1083,0.7667,Negative,0,False,General Social,,5,0.4863,Frustration & Bug Complaints,True,Toxicity & Contamination Alarm,toxic,True
672,ApexLegends,Irrelevant,Just unfollowed this loser-ass page because they post simp-ass shit like this that is all EXTREMEly toxic for the community.,Just unfollowed this loser-ass page because they post simp-ass shit like this that is all EXTREMEly toxic for the community,unfollowed loser-ass page post simp-ass shit like extremely toxic community,-0.2732,0.104,0.149,0.747,Negative,-0.1625,0.9,Negative,0,False,General Social,,5,0.5284,Frustration & Bug Complaints,True,Toxicity & Contamination Alarm,toxic,True
672,ApexLegends,Irrelevant,Just unfollowed this loser-ass page because they post ugly-ass propaganda like this that is overall EXTREMELY toxic for the Internet.,Just unfollowed this loser-ass page because they post ugly-ass propaganda like this that is overall EXTREMELY toxic for the Internet,unfollowed loser-ass page post ugly-ass propaganda like overall extremely toxic internet,0.128,0.111,0.089,0.8,Positive,-0.075,0.3667,Negative,0,False,General Social,,5,0.4859,Frustration & Bug Complaints,True,Toxicity & Contamination Alarm,toxic,True
672,ApexLegends,Irrelevant,Just us unfollowed this loser - ass email page because they post stupid simp - like ass electronic shit like this stuff that is overall EXTREMELY toxic for the community.,Just us unfollowed this loser - ass email page because they post stupid simp - like ass electronic shit like this stuff that is overall EXTREMELY toxic for the community,u unfollowed loser as email page post stupid simp like as electronic shit like stuff overall extremely toxic community,-0.9325,0.114,0.409,0.477,Negative,-0.2812,0.7,Negative,0,False,General Social,,5,0.4485,Frustration & Bug Complaints,True,Toxicity & Contamination Alarm,toxic,True
7210,LeagueOfLegends,Irrelevant,"@riotgames @LeagueOfLegends whoever i should tag but can you actually get to banning actual toxic, frustrating, players? is it that hard to do? you guys are a million dollar company and yet you cant manage to do something about . the vile players that make this game unpleasant.",whoever i should tag but can you actually get to banning actual toxic frustrating players is it that hard to do you guys are a million dollar company and yet you cant manage to do something about the vile players that make this game unpleasant,whoever tag but actually get banning actual toxic frustrating player hard guy million dollar company yet cant manage something vile player make game unpleasant,-0.9455,0.0,0.281,0.719,Negative,-0.2903,0.4986,Negative,0,False,General Social,,5,0.3954,Frustration & Bug Complaints,True,Toxicity & Contamination Alarm,toxic,True
7210,LeagueOfLegends,Irrelevant,"@ riotgames @ LeagueOfLegends Whoever I should label, but can you actually get around to banning actual toxic, frustrating players? Is it that hard to do? You're a million dollar company and yet you can't do anything about it. The vile players who make this game uncomfortable.",riotgames LeagueOfLegends Whoever I should label but can you actually get around to banning actual toxic frustrating players Is it that hard to do You're a million dollar company and yet you can't do anything about it The vile players who make this game uncomfortable,riotgames leagueoflegends whoever label but actually get around banning actual toxic frustrating player hard million dollar company yet ca n't anything vile player make game uncomfortable,-0.9382,0.0,0.271,0.729,Negative,-0.2653,0.5069,Negative,0,False,General Social,,5,0.4149,Frustration & Bug Complaints,True,Toxicity & Contamination Alarm,toxic,True
7210,LeagueOfLegends,Irrelevant,"@ riotgames @ LeagueOfLegends: ever should I tag, but can you really get to the real toxic, disappointing, players? it's so hard to do? you guys are a million dollar company and yet you can't do anything with the nasty players that make this game unpleasant.",riotgames LeagueOfLegends ever should I tag but can you really get to the real toxic disappointing players it's so hard to do you guys are a million dollar company and yet you can't do anything with the nasty players that make this game unpleasant,riotgames leagueoflegends ever tag but really get real toxic disappointing player so hard guy million dollar company yet ca n't anything nasty player make game unpleasant,-0.9489,0.0,0.292,0.708,Negative,-0.3631,0.5845,Negative,0,False,General Social,,5,0.3455,Frustration & Bug Complaints,True,Toxicity & Contamination Alarm,toxic,True
7210,LeagueOfLegends,Irrelevant,"@riotgames @LeagueOfLegends whoever i tag tag but can you actually get to banning actual toxic, frustrating, players? is it that hard to do? you guys run a million dollar company and yet you cant manage to do something about problematic or poor players that make this game unpleasant.",whoever i tag tag but can you actually get to banning actual toxic frustrating players is it that hard to do you guys run a million dollar company and yet you cant manage to do something about problematic or poor players that make this game unpleasant,whoever tag tag but actually get banning actual toxic frustrating player hard guy run million dollar company yet cant manage something problematic poor player make game unpleasant,-0.9559,0.0,0.311,0.689,Negative,-0.306,0.5131,Negative,0,False,General Social,,5,0.3311,Frustration & Bug Complaints,True,Toxicity & Contamination Alarm,toxic,True
7210,LeagueOfLegends,Irrelevant,"@riotgames @LeagueOfLegends whoever i should tag but can you actually get to banning actual toxic, frustrating, players? which is of it that too hard to actually do? you guys are a million dollar gaming company worldwide and all yet you cant manage you to do that something about. Hate the vile players that make this game unpleasant.",whoever i should tag but can you actually get to banning actual toxic frustrating players which is of it that too hard to actually do you guys are a million dollar gaming company worldwide and all yet you cant manage you to do that something about Hate the vile players that make this game unpleasant,whoever tag but actually get banning actual toxic frustrating player too hard actually guy million dollar gaming company worldwide yet cant manage something hate vile player make game unpleasant,-0.9694,0.0,0.297,0.703,Negative,-0.3177,0.499,Negative,0,False,General Social,,5,0.4577,Frustration & Bug Complaints,True,Toxicity & Contamination Alarm,toxic,True
7210,LeagueOfLegends,Irrelevant,"@riotgames @LeagueOfLegends whoever i must tag but can guys actually get to this actual toxic, frustrating, players? is it these hard must do? you guys are a million dollar company and yet you even manage even do something about. the vile actions that make this game great.",whoever i must tag but can guys actually get to this actual toxic frustrating players is it these hard must do you guys are a million dollar company and yet you even manage even do something about the vile actions that make this game great,whoever must tag but guy actually get actual toxic frustrating player hard must guy million dollar company yet even manage even something vile action make game great,-0.6652,0.101,0.199,0.7,Negative,-0.0486,0.4653,Neutral,0,False,General Social,,5,0.3717,Frustration & Bug Complaints,True,Toxicity & Contamination Alarm,toxic,True
7232,LeagueOfLegends,Positive,I finally got him. My golden boy. My toxic trash panda. My love. . . .  ,I finally got him My golden boy My toxic trash panda My love,finally got golden boy toxic trash panda love,0.6369,0.276,0.0,0.724,Positive,0.2667,0.7,Positive,0,False,General Social,,3,0.5203,Customer Experience & Support,True,Toxicity & Contamination Alarm,toxic,True
7232,LeagueOfLegends,Positive,Finally I got it. My golden boy. My poisonous garbage panda. My love....,Finally I got it My golden boy My poisonous garbage panda My love,finally got golden boy poisonous garbage panda love,0.128,0.235,0.207,0.559,Positive,0.2667,0.7,Positive,0,False,General Social,,3,0.5803,Customer Experience & Support,True,Toxicity & Contamination Alarm,poisonous,True
7232,LeagueOfLegends,Positive,"My golden boy, my poisonous panda, my love...",My golden boy my poisonous panda my love,golden boy poisonous panda love,0.128,0.302,0.266,0.432,Positive,0.4,0.55,Positive,0,False,General Social,,3,0.5406,Customer Experience & Support,True,Toxicity & Contamination Alarm,poisonous,True
7232,LeagueOfLegends,Positive,I finally got him. My golden boy. This toxic trash panda. My love..?.,I finally got him My golden boy This toxic trash panda My love,finally got golden boy toxic trash panda love,0.6369,0.276,0.0,0.724,Positive,0.2667,0.7,Positive,0,False,General Social,,3,0.5203,Customer Experience & Support,True,Toxicity & Contamination Alarm,toxic,True
7232,LeagueOfLegends,Positive,I I finally truly got him. My golden rich boy. My toxic trash panda. My true love....,I I finally truly got him My golden rich boy My toxic trash panda My true love,finally truly got golden rich boy toxic trash panda true love,0.926,0.551,0.0,0.449,Positive,0.305,0.7,Positive,0,False,General Social,,3,0.2465,Customer Experience & Support,True,Toxicity & Contamination Alarm,toxic,True
7232,LeagueOfLegends,Positive,we have got him. My golden boy. My toxic trash panda. My happiness....,we have got him My golden boy My toxic trash panda My happiness,got golden boy toxic trash panda happiness,0.5574,0.231,0.0,0.769,Positive,0.5,0.35,Positive,1,True,Emotional Wellbeing,Emotional Wellbeing,3,0.5273,Customer Experience & Support,True,Toxicity & Contamination Alarm,toxic,True
7246,LeagueOfLegends,Negative,"i'm amazed at how many people play league of legends still and how toxic that game still is, it's honestly such a bad thing to play purely for the community alone",i'm amazed at how many people play league of legends still and how toxic that game still is it's honestly such a bad thing to play purely for the community alone,amazed many people play league legend still toxic game still honestly bad thing play purely community alone,0.6705,0.272,0.136,0.593,Positive,-0.0771,0.5133,Negative,1,True,Loneliness & Isolation,Loneliness & Isolation,5,0.6836,Frustration & Bug Complaints,True,Toxicity & Contamination Alarm,toxic,True
7246,LeagueOfLegends,Negative,"I'm amazed at how many people are still playing League of Legends and how toxic this game is still, it's honestly so bad just to play for the community",I'm amazed at how many people are still playing League of Legends and how toxic this game is still it's honestly so bad just to play for the community,amazed many people still playing league legend toxic game still honestly so bad play community,0.6005,0.267,0.115,0.617,Positive,-0.2,0.5222,Negative,0,False,General Social,,5,0.5691,Frustration & Bug Complaints,True,Toxicity & Contamination Alarm,toxic,True
7246,LeagueOfLegends,Negative,"I'm amazed at how many people are still playing the Champions League and how toxic this game is so far, honestly it's so bad to play purely for the community alone",I'm amazed at how many people are still playing the Champions League and how toxic this game is so far honestly it's so bad to play purely for the community alone,amazed many people still playing champion league toxic game so far honestly so bad play purely community alone,0.82,0.325,0.131,0.544,Positive,-0.0571,0.6133,Negative,1,True,Loneliness & Isolation,Loneliness & Isolation,5,0.664,Frustration & Bug Complaints,True,Toxicity & Contamination Alarm,toxic,True
7246,LeagueOfLegends,Negative,"i'm amazed at that many fans play league of legends still and how toxic that game still is, it's honestly such a bad thing to have purely for the community alone",i'm amazed at that many fans play league of legends still and how toxic that game still is it's honestly such a bad thing to have purely for the community alone,amazed many fan play league legend still toxic game still honestly bad thing purely community alone,0.4767,0.22,0.141,0.639,Positive,-0.0771,0.5133,Negative,1,True,Loneliness & Isolation,Loneliness & Isolation,5,0.6767,Frustration & Bug Complaints,True,Toxicity & Contamination Alarm,toxic,True
7246,LeagueOfLegends,Negative,"i'm amazed immensely at how many people just play league games of chess legends still... and how much toxic that stupid game still is, it's honestly such a bad thing to play purely for the community alone",i'm amazed immensely at how many people just play league games of chess legends still and how much toxic that stupid game still is it's honestly such a bad thing to play purely for the community alone,amazed immensely many people play league game chess legend still much toxic stupid game still honestly bad thing play purely community alone,0.2732,0.225,0.182,0.593,Positive,-0.1232,0.5958,Negative,1,True,Loneliness & Isolation,Loneliness & Isolation,5,0.6482,Frustration & Bug Complaints,True,Toxicity & Contamination Alarm,toxic,True
7314,LeagueOfLegends,Neutral,"Guys seriously start realizing league of legends is a TEAMGAME and it starts in champ selection, even in SoloQueue.. . Talking about the hovered picks and teamcomps is not toxic, not uncalled for & not stupid, and you cant say ""let him play what he wants or dodge"" cuz thats stupid",Guys seriously start realizing league of legends is a TEAMGAME and it starts in champ selection even in SoloQueue Talking about the hovered picks and teamcomps is not toxic not uncalled for not stupid and you cant say let him play what he wants or dodge cuz thats stupid,guy seriously start realizing league legend teamgame start champ selection even soloqueue talking hovered pick teamcomps not toxic not uncalled not stupid cant say let play want dodge cuz thats stupid,0.8538,0.198,0.03,0.771,Positive,-0.1333,0.6917,Negative,0,False,General Social,,5,0.5135,Frustration & Bug Complaints,True,Toxicity & Contamination Alarm,toxic,True
7314,LeagueOfLegends,Neutral,"Guys are starting to seriously realize that League of Legends is a TEAM GAME and it starts in Champions selection, even in SoloQueue... Talking about the pending picks and team comps is not toxic, not inappropriate and not stupid, and you can't say ""let him play what he wants or dodge"" because that's stupid.",Guys are starting to seriously realize that League of Legends is a TEAM GAME and it starts in Champions selection even in SoloQueue Talking about the pending picks and team comps is not toxic not inappropriate and not stupid and you can't say let him play what he wants or dodge because that's stupid,guy starting seriously realize league legend team game start champion selection even soloqueue talking pending pick team comp not toxic not inappropriate not stupid ca n't say let play want dodge stupid,0.8642,0.186,0.028,0.786,Positive,-0.1556,0.5444,Negative,0,False,General Social,,5,0.4907,Frustration & Bug Complaints,True,Toxicity & Contamination Alarm,toxic,True
7314,LeagueOfLegends,Neutral,"Guys are seriously starting to understand that the Champions League is a TEAMHEAM, and it starts with the selection of players, even at Celtic. Talk about savvy picks and teams is not toxic, not for nothing and not stupid, and you can't say ""let him play what he wants or evade"" because it's stupid.",Guys are seriously starting to understand that the Champions League is a TEAMHEAM and it starts with the selection of players even at Celtic Talk about savvy picks and teams is not toxic not for nothing and not stupid and you can't say let him play what he wants or evade because it's stupid,guy seriously starting understand champion league teamheam start selection player even celtic talk savvy pick team not toxic not nothing not stupid ca n't say let play want evade stupid,0.1209,0.096,0.105,0.798,Positive,-0.05,0.55,Neutral,0,False,General Social,,5,0.4801,Frustration & Bug Complaints,True,Toxicity & Contamination Alarm,toxic,True
7314,LeagueOfLegends,Neutral,"Guys your start your league of four is a TEAMGAME and it starts during champ selection, even in SoloQueue.. … Talking about having hovered picks and teamcomps is not toxic, not uncalled for & not stupid, and you cant say ""let him play what he wants or dodge"" cuz thats stupid",Guys your start your league of four is a TEAMGAME and it starts during champ selection even in SoloQueue Talking about having hovered picks and teamcomps is not toxic not uncalled for not stupid and you cant say let him play what he wants or dodge cuz thats stupid,guy start league four teamgame start champ selection even soloqueue talking hovered pick teamcomps not toxic not uncalled not stupid cant say let play want dodge cuz thats stupid,0.8765,0.201,0.0,0.799,Positive,-0.0667,0.7,Negative,0,False,General Social,,5,0.5173,Frustration & Bug Complaints,True,Toxicity & Contamination Alarm,toxic,True
7314,LeagueOfLegends,Neutral,"Guys seriously start realizing league of legends is a stupid TEAMGAME bet and it starts in champ selection, even finishes in Celebrity SoloQueue... Talking about the various hovered picks and teamcomps just is not toxic, not even uncalled for & not stupid, and you cant say "" let him play what type he wants or even dodge "" cuz thats freaking stupid",Guys seriously start realizing league of legends is a stupid TEAMGAME bet and it starts in champ selection even finishes in Celebrity SoloQueue Talking about the various hovered picks and teamcomps just is not toxic not even uncalled for not stupid and you cant say let him play what type he wants or even dodge cuz thats freaking stupid,guy seriously start realizing league legend stupid teamgame bet start champ selection even finish celebrity soloqueue talking various hovered pick teamcomps not toxic not even uncalled not stupid cant say let play type want even dodge cuz thats freaking stupid,-0.8481,0.077,0.206,0.716,Negative,-0.2222,0.7111,Negative,0,False,General Social,,5,0.4254,Frustration & Bug Complaints,True,Toxicity & Contamination Alarm,toxic,True
7314,LeagueOfLegends,Neutral,"seriously seriously are realizing league of legends is a TEAMGAME and also starts in champ selection, even after SoloQueue... Talking about the hovered picks and teamcomps is not toxic, and uncalled for is not stupid, simply you cant say ""let him play and Michael wants or die"" cuz thats stupid",seriously seriously are realizing league of legends is a TEAMGAME and also starts in champ selection even after SoloQueue Talking about the hovered picks and teamcomps is not toxic and uncalled for is not stupid simply you cant say let him play and Michael wants or die cuz thats stupid,seriously seriously realizing league legend teamgame also start champ selection even soloqueue talking hovered pick teamcomps not toxic uncalled not stupid simply cant say let play michael want die cuz thats stupid,0.5792,0.183,0.121,0.696,Positive,-0.1067,0.6248,Negative,0,False,General Social,,5,0.6136,Frustration & Bug Complaints,True,Toxicity & Contamination Alarm,toxic,True
7359,LeagueOfLegends,Negative,league of legends to me is the one toxic ex I keep going back to eventho I know it's a waste of time and is killing my productivity,league of legends to me is the one toxic ex I keep going back to eventho I know it's a waste of time and is killing my productivity,league legend one toxic ex keep going back eventho know waste time killing productivity,-0.802,0.0,0.238,0.762,Negative,-0.1,0.0,Negative,0,False,General Social,,5,0.4445,Frustration & Bug Complaints,True,Toxicity & Contamination Alarm,toxic,True
7359,LeagueOfLegends,Negative,League of Legends is for me the one toxic ex that I keep returning to Eventho. I know it's a waste of time and destroys my productivity.,League of Legends is for me the one toxic ex that I keep returning to Eventho I know it's a waste of time and destroys my productivity,league legend one toxic ex keep returning eventho know waste time destroys productivity,-0.7506,0.0,0.225,0.775,Negative,-0.2,0.0,Negative,0,False,General Social,,5,0.5815,Frustration & Bug Complaints,True,Toxicity & Contamination Alarm,toxic,True
7359,LeagueOfLegends,Negative,league of legends to me is the one toxic ex I keep going back to like you know it's a waste of time and potentially killing my productivity,league of legends to me is the one toxic ex I keep going back to like you know it's a waste of time and potentially killing my productivity,league legend one toxic ex keep going back like know waste time potentially killing productivity,-0.6908,0.076,0.22,0.703,Negative,-0.0667,0.3333,Negative,0,False,General Social,,5,0.5019,Frustration & Bug Complaints,True,Toxicity & Contamination Alarm,toxic,True
7359,LeagueOfLegends,Negative,league of legends to me is the one toxic ex I cannot keep going back to eventho I did know but it'R s a waste back of time and is killing up my productivity,league of legends to me is the one toxic ex I cannot keep going back to eventho I did know but it'R s a waste back of time and is killing up my productivity,league legend one toxic ex not keep going back eventho know but waste back time killing productivity,-0.8957,0.0,0.259,0.741,Negative,-0.0667,0.0,Negative,0,False,General Social,,5,0.4445,Frustration & Bug Complaints,True,Toxicity & Contamination Alarm,toxic,True
7359,LeagueOfLegends,Negative,league from legends to these is the one toxic ex I keep going back to eventho I know it's a waste of gas and is killing off productivity,league from legends to these is the one toxic ex I keep going back to eventho I know it's a waste of gas and is killing off productivity,league legend one toxic ex keep going back eventho know waste gas killing productivity,-0.802,0.0,0.238,0.762,Negative,-0.1,0.0,Negative,0,False,General Social,,5,0.4554,Frustration & Bug Complaints,True,Toxicity & Contamination Alarm,toxic,True
7449,LeagueOfLegends,Negative,"hey @riotgames  // @LeagueOfLegends  , you sanction a bunch of ""toxic playesr""  , but you are avoiding troll players. . can you shared us an explanation... or maybe you are same as  . .  ",hey you sanction a bunch of toxic playesr but you are avoiding troll players can you shared us an explanation or maybe you are same as,hey sanction bunch toxic playesr but avoiding troll player shared u explanation maybe,0.0,0.106,0.106,0.788,Neutral,0.0,0.125,Neutral,0,False,General Social,,4,0.5741,Community & Social Interaction,True,Toxicity & Contamination Alarm,toxic,True
7449,LeagueOfLegends,Negative,"hey @ riotgames / / @ LeagueOfLegends, you sanction some ""toxic gamesR,"" but you avoid troll players... can you give us an explanation... or maybe you are the same.",hey riotgames LeagueOfLegends you sanction some toxic gamesR but you avoid troll players can you give us an explanation or maybe you are the same,hey riotgames leagueoflegends sanction toxic gamesr but avoid troll player give u explanation maybe,-0.4215,0.0,0.104,0.896,Negative,0.0,0.125,Neutral,0,False,General Social,,4,0.4884,Community & Social Interaction,True,Toxicity & Contamination Alarm,toxic,True
7449,LeagueOfLegends,Negative,"hey @ riotgames / / @ LeagueOfLegends, you sanction a bunch of ""toxic playesr,"" but you are avoiding troll players.. can you share us an explanation... or maybe you are the same as...",hey riotgames LeagueOfLegends you sanction a bunch of toxic playesr but you are avoiding troll players can you share us an explanation or maybe you are the same as,hey riotgames leagueoflegends sanction bunch toxic playesr but avoiding troll player share u explanation maybe,-0.0772,0.088,0.097,0.815,Negative,0.0,0.125,Neutral,0,False,General Social,,4,0.4336,Community & Social Interaction,True,Toxicity & Contamination Alarm,toxic,True
7449,LeagueOfLegends,Negative,"hey @riotgames  // @LeagueOfLegends , you sanction a rather more ""toxic playesr"" , but you are avoiding those players.. can you shared us the explanation... or maybe you are same as ..",hey you sanction a rather more toxic playesr but you are avoiding those players can you shared us the explanation or maybe you are same as,hey sanction rather more toxic playesr but avoiding player shared u explanation maybe,0.0,0.106,0.106,0.788,Neutral,0.25,0.3125,Positive,0,False,General Social,,4,0.5952,Community & Social Interaction,True,Toxicity & Contamination Alarm,toxic,True
7449,LeagueOfLegends,Negative,"hey @riotgames / / here @LeagueOfLegends, you sanction us a bunch of "" dangerously toxic playesr "", but you certainly are avoiding troll by players.. never can you shared with us an explanation... or maybe then you really are working same as..",hey here you sanction us a bunch of dangerously toxic playesr but you certainly are avoiding troll by players never can you shared with us an explanation or maybe then you really are working same as,hey sanction u bunch dangerously toxic playesr but certainly avoiding troll player never shared u explanation maybe really working,-0.5505,0.074,0.183,0.742,Negative,-0.0464,0.4491,Neutral,0,False,General Social,,4,0.5128,Community & Social Interaction,True,Toxicity & Contamination Alarm,toxic,True
7449,LeagueOfLegends,Negative,"hey @riotgames // @LeagueOfLegends, you become a much more ""toxic playesr"", plus you are all troll players.. can you shared us an exchange... or maybe it are same guy..",hey you become a much more toxic playesr plus you are all troll players can you shared us an exchange or maybe it are same guy,hey become much more toxic playesr plus troll player shared u exchange maybe guy,0.34,0.091,0.0,0.909,Positive,0.25,0.3125,Positive,0,False,General Social,,4,0.5673,Community & Social Interaction,True,Toxicity & Contamination Alarm,toxic,True
7452,LeagueOfLegends,Neutral,@riotgames @LeagueOfLegends man I’m so glad you ban “toxic chat” but you sure don’t ban people who literally get into game and leave afk. That’s the true toxicity. Loses lane gets killed twice no commas and disconnects entirely before 15 mins. Level 30 and gets place in gold game pic.twitter.com/KrPx9Qe4EF,man I m so glad you ban toxic chat but you sure don t ban people who literally get into game and leave afk That s the true toxicity Loses lane gets killed twice no commas and disconnects entirely before 15 mins Level 30 and gets place in gold game,man so glad ban toxic chat but sure ban people literally get game leave afk true toxicity loses lane get killed twice no comma disconnect entirely min level get place gold game,-0.9221,0.132,0.315,0.554,Negative,0.0062,0.508,Neutral,0,False,General Social,,5,0.3119,Frustration & Bug Complaints,True,Toxicity & Contamination Alarm,toxic,True
7452,LeagueOfLegends,Neutral,"@ riotgames @ LeagueOfLegends man I'm so glad you're banning ""toxic chat,"" but you definitely shouldn't ban people who literally come into the game and leave it. That's the true toxicity. Lost Lane gets killed twice without quotes and splits completely before 15 minutes. Level 30 and gets a seat in the gold game pic.twitter.com / KrPx9Qe4EF",riotgames LeagueOfLegends man I'm so glad you're banning toxic chat but you definitely shouldn't ban people who literally come into the game and leave it That's the true toxicity Lost Lane gets killed twice without quotes and splits completely before 15 minutes Level 30 and gets a seat in the gold game pic twitter com KrPx9Qe4EF,riotgames leagueoflegends man so glad banning toxic chat but definitely n't ban people literally come game leave true toxicity lost lane get killed twice without quote split completely minute level get seat gold game pic twitter com krpx9qe4ef,0.4712,0.188,0.146,0.666,Positive,-0.0071,0.4786,Neutral,0,False,General Social,,5,0.2971,Frustration & Bug Complaints,True,Toxicity & Contamination Alarm,toxic,True
7452,LeagueOfLegends,Neutral,"@ riotgames @ LeagueOfLegends man I'm so glad you ban ""toxic chat"" but you sure not ban people that literally get into game and leave afk. That's the true toxicity.",riotgames LeagueOfLegends man I'm so glad you ban toxic chat but you sure not ban people that literally get into game and leave afk That's the true toxicity,riotgames leagueoflegends man so glad ban toxic chat but sure not ban people literally get game leave afk true toxicity,0.0144,0.226,0.225,0.548,Neutral,0.2375,0.7347,Positive,0,False,General Social,,2,0.3436,Gaming Performance & Play,True,Toxicity & Contamination Alarm,toxic,True
7452,LeagueOfLegends,Neutral,RhandlerR RhandlerR man I’m so glad you ban “toxic chat” but you sure don’t ban people who literally get into game and leave afk. That’s the true toxicity. Loses lane gets killed twice no commas and disconnects entirely before 15 mins. Level 30 and gets place in gold game pic.twitter.com/KrPx9Qe4EF,RhandlerR RhandlerR man I m so glad you ban toxic chat but you sure don t ban people who literally get into game and leave afk That s the true toxicity Loses lane gets killed twice no commas and disconnects entirely before 15 mins Level 30 and gets place in gold game,rhandlerr rhandlerr man so glad ban toxic chat but sure ban people literally get game leave afk true toxicity loses lane get killed twice no comma disconnect entirely min level get place gold game,-0.9177,0.131,0.304,0.564,Negative,0.0062,0.508,Neutral,0,False,General Social,,5,0.2846,Frustration & Bug Complaints,True,Toxicity & Contamination Alarm,toxic,True
7452,LeagueOfLegends,Neutral,DB RhandlerR RhandlerR man I’m so glad you ban “toxic chat” but you sure don’t ban people who literally get into game and leave afk. That’s the true toxicity. Loses lane gets killed twice no commas and disconnects entirely before 15 mins. Level 30 and gets place in gold game pic.twitter.com/KrPx9Qe4EF,DB RhandlerR RhandlerR man I m so glad you ban toxic chat but you sure don t ban people who literally get into game and leave afk That s the true toxicity Loses lane gets killed twice no commas and disconnects entirely before 15 mins Level 30 and gets place in gold game,db rhandlerr rhandlerr man so glad ban toxic chat but sure ban people literally get game leave afk true toxicity loses lane get killed twice no comma disconnect entirely min level get place gold game,-0.9177,0.13,0.3,0.571,Negative,0.0062,0.508,Neutral,0,False,General Social,,5,0.2846,Frustration & Bug Complaints,True,Toxicity & Contamination Alarm,toxic,True
7511,LeagueOfLegends,Irrelevant,Maybe but sometimes feeling a little seething hatred in your soul fuels a good toxic counter jungle,Maybe but sometimes feeling a little seething hatred in your soul fuels a good toxic counter jungle,maybe but sometimes feeling little seething hatred soul fuel good toxic counter jungle,-0.198,0.244,0.234,0.522,Negative,0.2562,0.55,Positive,0,False,General Social,,1,0.4365,Digital Culture & Media,True,Toxicity & Contamination Alarm,toxic,True
7511,LeagueOfLegends,Irrelevant,But perhaps sometimes feeling a little seething hatred in the soul fuels a good poisonous counter-jungle,But perhaps sometimes feeling a little seething hatred in the soul fuels a good poisonous counter-jungle,but perhaps sometimes feeling little seething hatred soul fuel good poisonous counter-jungle,-0.7803,0.215,0.401,0.384,Negative,0.2562,0.55,Positive,0,False,General Social,,1,0.538,Digital Culture & Media,True,Toxicity & Contamination Alarm,poisonous,True
7511,LeagueOfLegends,Irrelevant,"Maybe, but sometimes the feeling of a little boiling in the shower feeds on a good poisonous jungle counter",Maybe but sometimes the feeling of a little boiling in the shower feeds on a good poisonous jungle counter,maybe but sometimes feeling little boiling shower feed good poisonous jungle counter,-0.1154,0.227,0.205,0.568,Negative,0.2562,0.55,Positive,0,False,General Social,,1,0.3957,Digital Culture & Media,True,Toxicity & Contamination Alarm,poisonous,True
7511,LeagueOfLegends,Irrelevant,Maybe but sometimes feeling a little seething heat in your soul fuels a good toxic counter jungle,Maybe but sometimes feeling a little seething heat in your soul fuels a good toxic counter jungle,maybe but sometimes feeling little seething heat soul fuel good toxic counter jungle,0.6808,0.301,0.0,0.699,Positive,0.2562,0.55,Positive,0,False,General Social,,1,0.4365,Digital Culture & Media,True,Toxicity & Contamination Alarm,toxic,True
7511,LeagueOfLegends,Irrelevant,Maybe but maybe sometimes feeling a little seething hatred in losing your soul fuels a good toxic bomb counter jungle,Maybe but maybe sometimes feeling a little seething hatred in losing your soul fuels a good toxic bomb counter jungle,maybe but maybe sometimes feeling little seething hatred losing soul fuel good toxic bomb counter jungle,-0.8585,0.177,0.413,0.41,Negative,0.2562,0.55,Positive,0,False,General Social,,1,0.3913,Digital Culture & Media,True,Toxicity & Contamination Alarm,toxic,True
7561,LeagueOfLegends,Neutral,Is League of Legends toxic? (please participate i’m trying to prove something),Is League of Legends toxic please participate i m trying to prove something,league legend toxic please participate trying prove something,0.3182,0.187,0.0,0.813,Positive,0.0,0.0,Neutral,0,False,General Social,,5,0.3611,Frustration & Bug Complaints,True,Toxicity & Contamination Alarm,toxic,True
7561,LeagueOfLegends,Neutral,"Is League of Legends toxic? (please participate, I'm trying to prove something)",Is League of Legends toxic please participate I'm trying to prove something,league legend toxic please participate trying prove something,0.3182,0.173,0.0,0.827,Positive,0.0,0.0,Neutral,0,False,General Social,,5,0.3611,Frustration & Bug Complaints,True,Toxicity & Contamination Alarm,toxic,True
7561,LeagueOfLegends,Neutral,"Is the League of Legends toxic? (please participate, I'm trying to prove something)",Is the League of Legends toxic please participate I'm trying to prove something,league legend toxic please participate trying prove something,0.3182,0.161,0.0,0.839,Positive,0.0,0.0,Neutral,0,False,General Social,,5,0.3611,Frustration & Bug Complaints,True,Toxicity & Contamination Alarm,toxic,True
7561,LeagueOfLegends,Neutral,Is League of Legends toxic? (please participate in trying to prove something),Is League of Legends toxic please participate in trying to prove something,league legend toxic please participate trying prove something,0.3182,0.173,0.0,0.827,Positive,0.0,0.0,Neutral,0,False,General Social,,5,0.3611,Frustration & Bug Complaints,True,Toxicity & Contamination Alarm,toxic,True
7561,LeagueOfLegends,Neutral,why Is League of Legends too toxic? ( please participate i can ’ m trying to prove something ),why Is League of Legends too toxic please participate i can m trying to prove something,league legend too toxic please participate trying prove something,0.3182,0.15,0.0,0.85,Positive,0.0,0.0,Neutral,0,False,General Social,,5,0.3611,Frustration & Bug Complaints,True,Toxicity & Contamination Alarm,toxic,True
7561,LeagueOfLegends,Neutral,entire Age of Legends toxic? (please know i’m trying to prove something),entire Age of Legends toxic please know i m trying to prove something,entire age legend toxic please know trying prove something,0.3182,0.187,0.0,0.813,Positive,0.0,0.625,Neutral,0,False,General Social,,1,0.2362,Digital Culture & Media,True,Toxicity & Contamination Alarm,toxic,True
7573,LeagueOfLegends,Negative,I’m toxic af on league of legends. Idk question mark pinging people is funny to me . ,I m toxic af on league of legends Idk question mark pinging people is funny to me,toxic af league legend idk question mark pinging people funny,0.3612,0.168,0.081,0.751,Positive,0.25,1.0,Positive,0,False,General Social,,5,0.6166,Frustration & Bug Complaints,True,Toxicity & Contamination Alarm,toxic,True
7573,LeagueOfLegends,Negative,I'm toxic in the League of Legends. Idk question mark pinging people is funny to me.,I'm toxic in the League of Legends Idk question mark pinging people is funny to me,toxic league legend idk question mark pinging people funny,0.3612,0.158,0.077,0.765,Positive,0.25,1.0,Positive,0,False,General Social,,5,0.6852,Frustration & Bug Complaints,True,Toxicity & Contamination Alarm,toxic,True
7573,LeagueOfLegends,Negative,I'm poisonous in the leagues.,I'm poisonous in the leagues,poisonous league,-0.5719,0.0,0.481,0.519,Negative,0.0,0.0,Neutral,0,False,General Social,,5,0.5833,Frustration & Bug Complaints,True,Toxicity & Contamination Alarm,poisonous,True
7573,LeagueOfLegends,Negative,I’m toxic af on league of legends. Idk which mark pinging people were funny to me.,I m toxic af on league of legends Idk which mark pinging people were funny to me,toxic af league legend idk mark pinging people funny,0.3612,0.168,0.081,0.751,Positive,0.25,1.0,Positive,0,False,General Social,,5,0.574,Frustration & Bug Complaints,True,Toxicity & Contamination Alarm,toxic,True
7573,LeagueOfLegends,Negative,I ’ m toxic af... on league of legends. Idk of question mark pinging people is just funny anyway to me.,I m toxic af on league of legends Idk of question mark pinging people is just funny anyway to me,toxic af league legend idk question mark pinging people funny anyway,0.3612,0.143,0.069,0.788,Positive,0.25,1.0,Positive,0,False,General Social,,5,0.6166,Frustration & Bug Complaints,True,Toxicity & Contamination Alarm,toxic,True
7573,LeagueOfLegends,Negative,also toxic af on league team legends. Idk you if pinging people is funny to me.,also toxic af on league team legends Idk you if pinging people is funny to me,also toxic af league team legend idk pinging people funny,0.3612,0.158,0.077,0.765,Positive,0.25,1.0,Positive,0,False,General Social,,5,0.459,Frustration & Bug Complaints,True,Toxicity & Contamination Alarm,toxic,True
7596,LeagueOfLegends,Negative,is riot doing anything about the amount of accounts being sold in League of Legends right now?. . Its making climbing through gold as an actual gold players nearly impossible.  Which obviously creates a toxic environment.  Stop making new characters and fix your game! https://t.co/tPfT56B5DI,is riot doing anything about the amount of accounts being sold in League of Legends right now Its making climbing through gold as an actual gold players nearly impossible Which obviously creates a toxic environment Stop making new characters and fix your game,riot anything amount account sold league legend right making climbing gold actual gold player nearly impossible obviously creates toxic environment stop making new character fix game,-0.5719,0.045,0.124,0.832,Negative,-0.1074,0.4984,Negative,0,False,General Social,,6,0.386,Product Updates & Announcements,True,Toxicity & Contamination Alarm,toxic,True
7596,LeagueOfLegends,Negative,"It makes it almost impossible to climb through gold as a goldplayer, which obviously creates a toxic environment. Stop creating new characters and fix your game! https: / / t.co / tPfT56B5DI",It makes it almost impossible to climb through gold as a goldplayer which obviously creates a toxic environment Stop creating new characters and fix your game tPfT56B5DI,make almost impossible climb gold goldplayer obviously creates toxic environment stop creating new character fix game tpft56b5di,0.2732,0.151,0.077,0.772,Positive,-0.2326,0.5886,Negative,0,False,General Social,,5,0.4053,Frustration & Bug Complaints,True,Toxicity & Contamination Alarm,toxic,True
7596,LeagueOfLegends,Negative,Is rioting about the number of League of Legends accounts sold right now?. Turning him into a true golden player is almost impossible. This clearly creates a toxic environment.,Is rioting about the number of League of Legends accounts sold right now Turning him into a true golden player is almost impossible This clearly creates a toxic environment,rioting number league legend account sold right turning true golden player almost impossible clearly creates toxic environment,0.7675,0.273,0.0,0.727,Positive,0.0738,0.6138,Positive,0,False,General Social,,5,0.4141,Frustration & Bug Complaints,True,Toxicity & Contamination Alarm,toxic,True
7596,LeagueOfLegends,Negative,is this doing anything about the amount less coins being sold in League of Legends right now?.. Its making climbing for gold as an actual gold players nearly impossible.  Which obviously creates a toxic environment.  Stop making mean characters and fix your game! https://t.co/tPfT56B5DI],is this doing anything about the amount less coins being sold in League of Legends right now Its making climbing for gold as an actual gold players nearly impossible Which obviously creates a toxic environment Stop making mean characters and fix your game,anything amount less coin sold league legend right making climbing gold actual gold player nearly impossible obviously creates toxic environment stop making mean character fix game,-0.0258,0.047,0.05,0.903,Neutral,-0.18,0.47,Negative,0,False,General Social,,5,0.4029,Frustration & Bug Complaints,True,Toxicity & Contamination Alarm,toxic,True
7596,LeagueOfLegends,Negative,is riot doing anything about the amount of gaming accounts now being being sold in League of Legends right now?.. what Its absolutely making climbing through gold as an actual actual gold players room nearly double impossible. Which obviously creates a likely toxic environment. Stop making new characters and fix for your game! https://t.co/tPfT56B5DI ],is riot doing anything about the amount of gaming accounts now being being sold in League of Legends right now what Its absolutely making climbing through gold as an actual actual gold players room nearly double impossible Which obviously creates a likely toxic environment Stop making new characters and fix for your game,riot anything amount gaming account sold league legend right absolutely making climbing gold actual actual gold player room nearly double impossible obviously creates likely toxic environment stop making new character fix game,-0.5719,0.037,0.102,0.861,Negative,-0.0445,0.499,Neutral,0,False,General Social,,5,0.3927,Frustration & Bug Complaints,True,Toxicity & Contamination Alarm,toxic,True
7596,LeagueOfLegends,Negative,is riot doing what about the amount of accounts being sold in League No Light right now?.. Its making buying through gold for an actual gold players nearly impossible. Which obviously creates a toxic economy. Stop making new characters just fix bad game! https://t.co/tPfT56B5DI],is riot doing what about the amount of accounts being sold in League No Light right now Its making buying through gold for an actual gold players nearly impossible Which obviously creates a toxic economy Stop making new characters just fix bad game,riot amount account sold league no light right making buying gold actual gold player nearly impossible obviously creates toxic economy stop making new character fix bad game,-0.8555,0.042,0.227,0.731,Negative,-0.1931,0.5446,Negative,0,False,General Social,,6,0.4009,Product Updates & Announcements,True,Toxicity & Contamination Alarm,toxic,True
6735,Fortnite,Negative,BTS is terrible Fans toxic as fuck why would fortnite to a cross over with a terrible boy band  ,BTS is terrible Fans toxic as fuck why would fortnite to a cross over with a terrible boy band,bts terrible fan toxic fuck would fortnite cross terrible boy band,-0.8658,0.0,0.409,0.591,Negative,-0.6,0.65,Negative,0,False,General Social,,5,0.3726,Frustration & Bug Complaints,True,Toxicity & Contamination Alarm,toxic,True
6735,Fortnite,Negative,"BTS is terrible fans toxic as hell, why cross over with a horrible boyband",BTS is terrible fans toxic as hell why cross over with a horrible boyband,bts terrible fan toxic hell cross horrible boyband,-0.9042,0.0,0.528,0.472,Negative,-0.6667,0.6667,Negative,0,False,General Social,,5,0.3958,Frustration & Bug Complaints,True,Toxicity & Contamination Alarm,toxic,True
6735,Fortnite,Negative,"BTS - it's awful Fans are toxic as fuck, why fortnite cross with terrible boy band",BTS - it's awful Fans are toxic as fuck why fortnite cross with terrible boy band,bts awful fan toxic fuck fortnite cross terrible boy band,-0.8625,0.0,0.444,0.556,Negative,-0.6,0.65,Negative,0,False,General Social,,5,0.4649,Frustration & Bug Complaints,True,Toxicity & Contamination Alarm,toxic,True
6735,Fortnite,Negative,BTS is terrible Fans toxic fucking fuck why would fortnite to accidentally cross over with a terrible boy band,BTS is terrible Fans toxic fucking fuck why would fortnite to accidentally cross over with a terrible boy band,bts terrible fan toxic fucking fuck would fortnite accidentally cross terrible boy band,-0.908,0.0,0.47,0.53,Negative,-0.6,0.65,Negative,0,False,General Social,,5,0.3934,Frustration & Bug Complaints,True,Toxicity & Contamination Alarm,toxic,True
6735,Fortnite,Negative,Like BTS is too terrible Fans Are toxic as fuck why would fortnite to a cross over with a completely terrible boy band,Like BTS is too terrible Fans Are toxic as fuck why would fortnite to a cross over with a completely terrible boy band,like bts too terrible fan toxic fuck would fortnite cross completely terrible boy band,-0.802,0.086,0.332,0.582,Negative,-0.6,0.65,Negative,0,False,General Social,,5,0.3734,Frustration & Bug Complaints,True,Toxicity & Contamination Alarm,toxic,True
6735,Fortnite,Negative,industry is terrible Fans toxic as fuck why would fortnite girls bother cross over with a terrible boy band,industry is terrible Fans toxic as fuck why would fortnite girls bother cross over with a terrible boy band,industry terrible fan toxic fuck would fortnite girl bother cross terrible boy band,-0.9022,0.0,0.464,0.536,Negative,-0.6,0.65,Negative,0,False,General Social,,5,0.3934,Frustration & Bug Complaints,True,Toxicity & Contamination Alarm,toxic,True
11665,Verizon,Negative,"cutting out toxic relationships starting with verizon who want me to ""pay my overdue phone bill"" .  the audacity",cutting out toxic relationships starting with verizon who want me to pay my overdue phone bill the audacity,cutting toxic relationship starting verizon want pay overdue phone bill audacity,-0.1531,0.068,0.151,0.781,Negative,-0.3,0.5,Negative,0,False,General Social,,1,0.4524,Digital Culture & Media,True,Toxicity & Contamination Alarm,toxic,True
11665,Verizon,Negative,"Eliminating toxic relationships, starting with Verizon requiring me to ""pay my overdue phone bill.""",Eliminating toxic relationships starting with Verizon requiring me to pay my overdue phone bill,eliminating toxic relationship starting verizon requiring pay overdue phone bill,-0.1027,0.0,0.097,0.903,Negative,0.0,0.1,Neutral,0,False,General Social,,1,0.3611,Digital Culture & Media,True,Toxicity & Contamination Alarm,toxic,True
11665,Verizon,Negative,"cut out toxic relationships, starting with a verizer who wants me to ""pay my overdue phone bill.""",cut out toxic relationships starting with a verizer who wants me to pay my overdue phone bill,cut toxic relationship starting verizer want pay overdue phone bill,-0.3612,0.0,0.2,0.8,Negative,0.1,0.1,Positive,0,False,General Social,,1,0.4524,Digital Culture & Media,True,Toxicity & Contamination Alarm,toxic,True
11665,Verizon,Negative,"cutting out toxic relationships starting with verizon who want consumers to ""pay my overdue phone money"".  the audacity",cutting out toxic relationships starting with verizon who want consumers to pay my overdue phone money the audacity,cutting toxic relationship starting verizon want consumer pay overdue phone money audacity,-0.1531,0.068,0.151,0.781,Negative,-0.3,0.5,Negative,0,False,General Social,,1,0.463,Digital Culture & Media,True,Toxicity & Contamination Alarm,toxic,True
11665,Verizon,Negative,"by cutting out toxic abusive relationships starting with a verizon who want me around to "" pay my overdue phone card bill "". the audacity",by cutting out toxic abusive relationships starting with a verizon who want me around to pay my overdue phone card bill the audacity,cutting toxic abusive relationship starting verizon want around pay overdue phone card bill audacity,-0.7003,0.049,0.269,0.682,Negative,-0.3,0.5,Negative,0,False,General Social,,1,0.3958,Digital Culture & Media,True,Toxicity & Contamination Alarm,toxic,True
11665,Verizon,Negative,"cutting all toxic relationships starting with verizon who asked me just ""pay my overdue energy bill"". the audacity",cutting all toxic relationships starting with verizon who asked me just pay my overdue energy bill the audacity,cutting toxic relationship starting verizon asked pay overdue energy bill audacity,0.0516,0.105,0.145,0.75,Positive,-0.3,0.5,Negative,0,False,General Social,,3,0.4521,Customer Experience & Support,True,Toxicity & Contamination Alarm,toxic,True
5679,HomeDepot,Neutral,"I just took action on ""Tell Lowe's and Home Depot to take Bayer-Monsanto's toxic Roundup herbicides off the shelves!"" -- will you join me? addup.sierraclub.org/campaigns/tell…",I just took action on Tell Lowe's and Home Depot to take Bayer-Monsanto's toxic Roundup herbicides off the shelves -- will you join me addup sierraclub org campaigns tell,took action tell lowe home depot take bayer-monsanto toxic roundup herbicide shelf join addup sierraclub org campaign tell,0.296,0.075,0.0,0.925,Positive,0.1,0.1,Positive,0,False,General Social,,2,0.3412,Gaming Performance & Play,True,Toxicity & Contamination Alarm,toxic,True
5679,HomeDepot,Neutral,"I just launched the campaign ""Tell Lowe's and Home Depot to take Bayer-Monsanto's toxic Roundup herbicides off the shelves!"" - join me? addup.sierraclub.org / campaigns / tell...",I just launched the campaign Tell Lowe's and Home Depot to take Bayer-Monsanto's toxic Roundup herbicides off the shelves - join me addup sierraclub org campaigns tell,launched campaign tell lowe home depot take bayer-monsanto toxic roundup herbicide shelf join addup sierraclub org campaign tell,0.4019,0.139,0.0,0.861,Positive,0.0,0.0,Neutral,0,False,General Social,,2,0.3966,Gaming Performance & Play,True,Toxicity & Contamination Alarm,toxic,True
5679,HomeDepot,Neutral,"I have just made a decision at ""Tell Lowe's and Home Depot to take Monsanto's toxic Roundup herbicides off the shelves!"" - will you join me? addip.sierraclub.org / campaigns / tell...",I have just made a decision at Tell Lowe's and Home Depot to take Monsanto's toxic Roundup herbicides off the shelves - will you join me addip sierraclub org campaigns tell,made decision tell lowe home depot take monsanto toxic roundup herbicide shelf join addip sierraclub org campaign tell,0.296,0.075,0.0,0.925,Positive,0.0,0.0,Neutral,0,False,General Social,,2,0.3236,Gaming Performance & Play,True,Toxicity & Contamination Alarm,toxic,True
5679,HomeDepot,Neutral,"Which I just took action calling on "" Tell Lowe's Kitchen and Home Depot to take on Bayer - Mayer Monsanto's toxic spray Roundup herbicides off off the shelves! "" - - will you join us me? addup. sierraclub. com org / campaigns / ll tell …",Which I just took action calling on Tell Lowe's Kitchen and Home Depot to take on Bayer - Mayer Monsanto's toxic spray Roundup herbicides off off the shelves - - will you join us me addup sierraclub com org campaigns ll tell,took action calling tell lowe kitchen home depot take bayer mayer monsanto toxic spray roundup herbicide shelf join u addup sierraclub com org campaign tell,0.296,0.056,0.0,0.944,Positive,0.1,0.1,Positive,0,False,General Social,,1,0.3072,Digital Culture & Media,True,Toxicity & Contamination Alarm,toxic,True
5679,HomeDepot,Neutral,"members also took action on ""Tell Tim's or Home Depot to take Bayer-Monsanto's toxic Roundup herbicides on your shelves!"" -- will people join me? Read.sierraclub.org/campaigns/tell...",members also took action on Tell Tim's or Home Depot to take Bayer-Monsanto's toxic Roundup herbicides on your shelves -- will people join me Read sierraclub org campaigns tell,member also took action tell tim home depot take bayer-monsanto toxic roundup herbicide shelf people join read sierraclub org campaign tell,0.296,0.073,0.0,0.927,Positive,0.1,0.1,Positive,0,False,General Social,,2,0.4041,Gaming Performance & Play,True,Toxicity & Contamination Alarm,toxic,True
5711,HomeDepot,Negative,"I knew Home Depot was so fucking toxic when I’d be told “you’re not doing your job how we want you to” but when a customer wanted to reward my services and tell the managers, they’d be like ok and?",I knew Home Depot was so fucking toxic when I d be told you re not doing your job how we want you to but when a customer wanted to reward my services and tell the managers they d be like ok and,knew home depot so fucking toxic told not job want but customer wanted reward service tell manager like ok,0.9052,0.265,0.0,0.735,Positive,-0.05,0.65,Neutral,0,False,General Social,,1,0.2899,Digital Culture & Media,True,Toxicity & Contamination Alarm,toxic,True
5711,HomeDepot,Negative,"I knew Home Depot was so fucking toxic when they told me, ""You're not doing your job the way we want you to do it,"" but when a customer wanted to reward my services and tell the managers they were like, OK?",I knew Home Depot was so fucking toxic when they told me You're not doing your job the way we want you to do it but when a customer wanted to reward my services and tell the managers they were like OK,knew home depot so fucking toxic told not job way want but customer wanted reward service tell manager like ok,0.9239,0.271,0.0,0.729,Positive,-0.05,0.65,Neutral,0,False,General Social,,5,0.305,Frustration & Bug Complaints,True,Toxicity & Contamination Alarm,toxic,True
5711,HomeDepot,Negative,"I knew Home Depot was so toxic when I was told ""you don't do your job the way we want you to do it,"" but when a customer wanted to reward my services and tell managers, they would be as good and?",I knew Home Depot was so toxic when I was told you don't do your job the way we want you to do it but when a customer wanted to reward my services and tell managers they would be as good and,knew home depot so toxic told n't job way want but customer wanted reward service tell manager would good,0.8765,0.218,0.0,0.782,Positive,0.7,0.6,Positive,0,False,General Social,,1,0.4132,Digital Culture & Media,True,Toxicity & Contamination Alarm,toxic,True
5711,HomeDepot,Negative,"I knew Home Depot was so fucking toxic when I’d gotten told “you’re not doing my job unless we want you to” but when a customer wanted to reward my services just tell the managers, to be like ok and?",I knew Home Depot was so fucking toxic when I d gotten told you re not doing my job unless we want you to but when a customer wanted to reward my services just tell the managers to be like ok and,knew home depot so fucking toxic gotten told not job unless want but customer wanted reward service tell manager like ok,0.9052,0.265,0.0,0.735,Positive,-0.05,0.65,Neutral,0,False,General Social,,1,0.3113,Digital Culture & Media,True,Toxicity & Contamination Alarm,toxic,True
5711,HomeDepot,Negative,"I knew Home Draw Depot merchandise was so fucking toxic when I I ’ d be told “ you ’ re not only doing your job how we want you to start ” act but how when a customer wanted to reward my services and tell the managers, they we ’ d probably be like and ok and?",I knew Home Draw Depot merchandise was so fucking toxic when I I d be told you re not only doing your job how we want you to start act but how when a customer wanted to reward my services and tell the managers they we d probably be like and ok and,knew home draw depot merchandise so fucking toxic told not job want start act but customer wanted reward service tell manager probably like ok,0.9052,0.222,0.0,0.778,Positive,-0.0333,0.7667,Neutral,0,False,General Social,,1,0.2835,Digital Culture & Media,True,Toxicity & Contamination Alarm,toxic,True
5711,HomeDepot,Negative,"I say Home Depot was so fucking toxic when can be told “you’re not doing your part as we want you to” but when a person wanted to reward my service and tell the managers, they’d act like ok and?",I say Home Depot was so fucking toxic when can be told you re not doing your part as we want you to but when a person wanted to reward my service and tell the managers they d act like ok and,say home depot so fucking toxic told not part want but person wanted reward service tell manager act like ok,0.9052,0.259,0.0,0.741,Positive,-0.05,0.65,Neutral,0,False,General Social,,1,0.2926,Digital Culture & Media,True,Toxicity & Contamination Alarm,toxic,True
6038,FIFA,Irrelevant,EA bans prominent FIFA streamer Kurt0411 from all its games over toxic behaviour tinyurl.com/yxyvwh2q https://t.co/3vXkirxvOq,EA bans prominent FIFA streamer Kurt0411 from all its games over toxic behaviour tinyurl com yxyvwh2q,ea ban prominent fifa streamer kurt0411 game toxic behaviour tinyurl com yxyvwh2q,0.3182,0.133,0.0,0.867,Positive,0.5,1.0,Positive,0,False,General Social,,1,0.2832,Digital Culture & Media,True,Toxicity & Contamination Alarm,toxic,True
6038,FIFA,Irrelevant,EA bans prominent FIFA streamer Kurt0411 from all games for toxic behavior tinyurl.com / yxyvwh2q https: / / t.co / 3vXkirxvOq,EA bans prominent FIFA streamer Kurt0411 from all games for toxic behavior tinyurl com yxyvwh2q 3vXkirxvOq,ea ban prominent fifa streamer kurt0411 game toxic behavior tinyurl com yxyvwh2q 3vxkirxvoq,0.3182,0.133,0.0,0.867,Positive,0.5,1.0,Positive,0,False,General Social,,1,0.2699,Digital Culture & Media,True,Toxicity & Contamination Alarm,toxic,True
6038,FIFA,Irrelevant,EA has banned prominent FIFA streaker Kurtzik 11 from all of its games due to toxic behaviour tinyurl.com / yxyvwh2q,EA has banned prominent FIFA streaker Kurtzik 11 from all of its games due to toxic behaviour tinyurl com yxyvwh2q,ea banned prominent fifa streaker kurtzik game due toxic behaviour tinyurl com yxyvwh2q,-0.1779,0.099,0.129,0.773,Negative,0.1875,0.6875,Positive,0,False,General Social,,1,0.3501,Digital Culture & Media,True,Toxicity & Contamination Alarm,toxic,True
6038,FIFA,Irrelevant,EA kills prominent FIFA streamer Kurt0411 with all its games over toxic behaviour link.com/yxyvwh2q https://t.co/3vXkirxvOq],EA kills prominent FIFA streamer Kurt0411 with all its games over toxic behaviour link com yxyvwh2q,ea kill prominent fifa streamer kurt0411 game toxic behaviour link com yxyvwh2q,-0.296,0.116,0.177,0.707,Negative,0.5,1.0,Positive,0,False,General Social,,6,0.3005,Product Updates & Announcements,True,Toxicity & Contamination Alarm,toxic,True
6038,FIFA,Irrelevant,EA UK bans a prominent FIFA web streamer Kurt0411 video from streaming all its games due over toxic behaviour tinyurl. doi com / yxyvwh2q https://t.co/3vXkirxvOq ],EA UK bans a prominent FIFA web streamer Kurt0411 video from streaming all its games due over toxic behaviour tinyurl doi com yxyvwh2q,ea uk ban prominent fifa web streamer kurt0411 video streaming game due toxic behaviour tinyurl doi com yxyvwh2q,0.3182,0.099,0.0,0.901,Positive,0.1875,0.6875,Positive,0,False,General Social,,1,0.3046,Digital Culture & Media,True,Toxicity & Contamination Alarm,toxic,True
6086,FIFA,Negative,Amazing how toxic the FIFA community is in August.  Congrats @EASPORTSFIFA for creating one of the most toxic communities....right up there with CSGO and RB6.,Amazing how toxic the FIFA community is in August Congrats for creating one of the most toxic communities right up there with CSGO and RB6,amazing toxic fifa community august congrats creating one most toxic community right csgo rb6,0.8555,0.299,0.0,0.701,Positive,0.4619,0.6452,Positive,0,False,General Social,,5,0.4307,Frustration & Bug Complaints,True,Toxicity & Contamination Alarm,toxic,True
6086,FIFA,Negative,Amazing how toxic the FIFA community is in August. Congratulations @ EASPORTSFIFA on creating one of the most toxic communities... right at the top with CSGO and RB6.,Amazing how toxic the FIFA community is in August Congratulations EASPORTSFIFA on creating one of the most toxic communities right at the top with CSGO and RB6,amazing toxic fifa community august congratulation easportsfifa creating one most toxic community right top csgo rb6,0.8934,0.337,0.0,0.663,Positive,0.4714,0.6089,Positive,0,False,General Social,,5,0.5141,Frustration & Bug Complaints,True,Toxicity & Contamination Alarm,toxic,True
6086,FIFA,Negative,Congratulations to @ EASPORTSFIFA for creating one of the most toxic communities... right there with CSGO and RB6.,Congratulations to EASPORTSFIFA for creating one of the most toxic communities right there with CSGO and RB6,congratulation easportsfifa creating one most toxic community right csgo rb6,0.7269,0.289,0.0,0.711,Positive,0.3929,0.5179,Positive,0,False,General Social,,5,0.4522,Frustration & Bug Complaints,True,Toxicity & Contamination Alarm,toxic,True
6086,FIFA,Negative,Amazing the toxic the FIFA community is in August.  Congrats @EASPORTSFIFA for creating one of eSports most toxic communities....right up there with CSGO and LOL.,Amazing the toxic the FIFA community is in August Congrats for creating one of eSports most toxic communities right up there with CSGO and LOL,amazing toxic fifa community august congrats creating one esports most toxic community right csgo lol,0.9175,0.381,0.0,0.619,Positive,0.5464,0.6589,Positive,0,False,General Social,,5,0.4406,Frustration & Bug Complaints,True,Toxicity & Contamination Alarm,toxic,True
6086,FIFA,Negative,Amazing was how toxic the FIFA community is also in August. Congrats @EASPORTSFIFA for creating one of still the six most toxic scientific communities.... Put right across up there with CSGO and possibly RB6.,Amazing was how toxic the FIFA community is also in August Congrats for creating one of still the six most toxic scientific communities Put right across up there with CSGO and possibly RB6,amazing toxic fifa community also august congrats creating one still six most toxic scientific community put right across csgo possibly rb6,0.8555,0.239,0.0,0.761,Positive,0.3464,0.7339,Positive,0,False,General Social,,5,0.3976,Frustration & Bug Complaints,True,Toxicity & Contamination Alarm,toxic,True
6086,FIFA,Negative,Amazing how toxic the FIFA community reached in August. Congrats @EASPORTSFIFA for creating 4 of the most toxic communities....right exactly right with Facebook in RB6.,Amazing how toxic the FIFA community reached in August Congrats for creating 4 of the most toxic communities right exactly right with Facebook in RB6,amazing toxic fifa community reached august congrats creating most toxic community right exactly right facebook rb6,0.8689,0.351,0.0,0.649,Positive,0.4179,0.6179,Positive,0,False,General Social,,5,0.2721,Frustration & Bug Complaints,True,Toxicity & Contamination Alarm,toxic,True
10569,RedDeadRedemption(RDR),Neutral,More Poison Poppy moonshine Recipe searching  ,More Poison Poppy moonshine Recipe searching,more poison poppy moonshine recipe searching,-0.5849,0.0,0.431,0.569,Negative,0.5,0.5,Positive,0,False,General Social,,6,0.5833,Product Updates & Announcements,True,Toxicity & Contamination Alarm,poison,True
10569,RedDeadRedemption(RDR),Neutral,More Poison Poppy Moonlight Recipe Search,More Poison Poppy Moonlight Recipe Search,more poison poppy moonlight recipe search,-0.5849,0.0,0.431,0.569,Negative,0.5,0.5,Positive,0,False,General Social,,2,0.3889,Gaming Performance & Play,True,Toxicity & Contamination Alarm,poison,True
10569,RedDeadRedemption(RDR),Neutral,More Poisonous Pie and Homemade Recipe Search,More Poisonous Pie and Homemade Recipe Search,more poisonous pie homemade recipe search,-0.6115,0.0,0.4,0.6,Negative,0.5,0.5,Positive,0,False,General Social,,2,0.5833,Gaming Performance & Play,True,Toxicity & Contamination Alarm,poisonous,True
10569,RedDeadRedemption(RDR),Neutral,More Poison Mountain moonshine Recipe searching,More Poison Mountain moonshine Recipe searching,more poison mountain moonshine recipe searching,-0.5849,0.0,0.431,0.569,Negative,0.5,0.5,Positive,0,False,General Social,,6,0.5833,Product Updates & Announcements,True,Toxicity & Contamination Alarm,poison,True
10569,RedDeadRedemption(RDR),Neutral,More Poison Poppy moonshine And Recipe to searching,More Poison Poppy moonshine And Recipe to searching,more poison poppy moonshine recipe searching,-0.5849,0.0,0.351,0.649,Negative,0.5,0.5,Positive,0,False,General Social,,6,0.5833,Product Updates & Announcements,True,Toxicity & Contamination Alarm,poison,True
10569,RedDeadRedemption(RDR),Neutral,of Poison Poppy moonshine Recipe searching,of Poison Poppy moonshine Recipe searching,poison poppy moonshine recipe searching,-0.5423,0.0,0.412,0.588,Negative,0.0,0.0,Neutral,0,False,General Social,,6,0.5833,Product Updates & Announcements,True,Toxicity & Contamination Alarm,poison,True
2041,CallOfDuty,Negative,Remember when call of duty lobby were super toxic and hilariously entertaining . ,Remember when call of duty lobby were super toxic and hilariously entertaining,remember call duty lobby super toxic hilariously entertaining,0.7845,0.467,0.0,0.533,Positive,0.4167,0.6833,Positive,0,False,General Social,,4,0.2833,Community & Social Interaction,True,Toxicity & Contamination Alarm,toxic,True
2041,CallOfDuty,Negative,Remember when Call of Duty were super toxic and hilariously entertaining.,Remember when Call of Duty were super toxic and hilariously entertaining,remember call duty super toxic hilariously entertaining,0.7783,0.43,0.0,0.57,Positive,0.4167,0.6833,Positive,0,False,General Social,,4,0.3399,Community & Social Interaction,True,Toxicity & Contamination Alarm,toxic,True
2041,CallOfDuty,Negative,Remember when the lobby on duty was super toxic and fun.,Remember when the lobby on duty was super toxic and fun,remember lobby duty super toxic fun,0.8074,0.509,0.0,0.491,Positive,0.3167,0.4333,Positive,0,False,General Social,,5,0.3835,Frustration & Bug Complaints,True,Toxicity & Contamination Alarm,toxic,True
2041,CallOfDuty,Negative,Remember when call of duty children were super toxic and hilariously entertaining.,Remember when call of duty children were super toxic and hilariously entertaining,remember call duty child super toxic hilariously entertaining,0.7783,0.405,0.0,0.595,Positive,0.4167,0.6833,Positive,0,False,General Social,,5,0.4502,Frustration & Bug Complaints,True,Toxicity & Contamination Alarm,toxic,True
2041,CallOfDuty,Negative,Remember when call in of duty lobby workers were super hot toxic and hilariously entertaining.,Remember when call in of duty lobby workers were super hot toxic and hilariously entertaining,remember call duty lobby worker super hot toxic hilariously entertaining,0.7845,0.397,0.0,0.603,Positive,0.3611,0.7389,Positive,0,False,General Social,,4,0.3487,Community & Social Interaction,True,Toxicity & Contamination Alarm,toxic,True
2041,CallOfDuty,Negative,Remember when call for duty films were super toxic and hilariously entertaining.,Remember when call for duty films were super toxic and hilariously entertaining,remember call duty film super toxic hilariously entertaining,0.7783,0.405,0.0,0.595,Positive,0.4167,0.6833,Positive,0,False,General Social,,6,0.412,Product Updates & Announcements,True,Toxicity & Contamination Alarm,toxic,True
11246,TomClancysRainbowSix,Negative,"@Rainbow6Game the vote to kick is the most stupid thing you’ve ever added to the game, it’s more annoying than Clash. Been trying to get into a game for an hour but I keep getting kicked because Plat’s are toxic",the vote to kick is the most stupid thing you ve ever added to the game it s more annoying than Clash Been trying to get into a game for an hour but I keep getting kicked because Plat s are toxic,vote kick most stupid thing ever added game more annoying clash trying get game hour but keep getting kicked plat toxic,-0.5176,0.0,0.108,0.892,Negative,-0.2333,0.6167,Negative,0,False,General Social,,1,0.3806,Digital Culture & Media,True,Toxicity & Contamination Alarm,toxic,True
11246,TomClancysRainbowSix,Negative,"@ Rainbow6Game The vote to kick is the stupidest thing you've ever added to the game, it's angrier than Clash. I tried to get into a game for an hour, but I get kicked again and again because plat's are poisonous.",Rainbow6Game The vote to kick is the stupidest thing you've ever added to the game it's angrier than Clash I tried to get into a game for an hour but I get kicked again and again because plat's are poisonous,rainbow6game vote kick stupidest thing ever added game angrier clash tried get game hour but get kicked plat poisonous,-0.8555,0.0,0.217,0.783,Negative,-0.4,0.4,Negative,0,False,General Social,,1,0.4102,Digital Culture & Media,True,Toxicity & Contamination Alarm,poisonous,True
11246,TomClancysRainbowSix,Negative,"@ Rainbow6Game the vote to kick is the most stupid thing you've ever added to the game, it's more annoying than Clash. Been trying to get into a game for an hour but I keep getting kicked because Plat's are toxic",Rainbow6Game the vote to kick is the most stupid thing you've ever added to the game it's more annoying than Clash Been trying to get into a game for an hour but I keep getting kicked because Plat's are toxic,rainbow6game vote kick most stupid thing ever added game more annoying clash trying get game hour but keep getting kicked plat toxic,-0.5176,0.0,0.108,0.892,Negative,-0.2333,0.6167,Negative,0,False,General Social,,5,0.361,Frustration & Bug Complaints,True,Toxicity & Contamination Alarm,toxic,True
11246,TomClancysRainbowSix,Negative,"@Rainbow6Game the attempt to kick is the most stupid step you’ve had added to the game, it’s more annoying because Clash. Been trying to get into a game for an hour & I keep getting kicked because Plat’s are toxic",the attempt to kick is the most stupid step you ve had added to the game it s more annoying because Clash Been trying to get into a game for an hour I keep getting kicked because Plat s are toxic,attempt kick most stupid step added game more annoying clash trying get game hour keep getting kicked plat toxic,-0.7708,0.0,0.16,0.84,Negative,-0.2333,0.6167,Negative,0,False,General Social,,1,0.4192,Digital Culture & Media,True,Toxicity & Contamination Alarm,toxic,True
11246,TomClancysRainbowSix,Negative,"@Rainbow6Game When the vote to kick is the most stupid thing you ’ on ve ever had added to win the game, it simply ’ s more damn annoying than Clash. A Been trying since to get back into a game for an hour but I keep getting kicked because Plat ’ s opponents are toxic",When the vote to kick is the most stupid thing you on ve ever had added to win the game it simply s more damn annoying than Clash A Been trying since to get back into a game for an hour but I keep getting kicked because Plat s opponents are toxic,vote kick most stupid thing ever added win game simply more damn annoying clash trying since get back game hour but keep getting kicked plat opponent toxic,-0.4464,0.046,0.122,0.831,Negative,-0.075,0.5125,Negative,0,False,General Social,,1,0.3191,Digital Culture & Media,True,Toxicity & Contamination Alarm,toxic,True
11246,TomClancysRainbowSix,Negative,"@Rainbow6Game the vote to kick be the most evil thing you’ve ever added to the game, thinking more on 1 Clash. Been trying to get into one game for an hour but you keep getting kicked but Plat’s are toxic",the vote to kick be the most evil thing you ve ever added to the game thinking more on 1 Clash Been trying to get into one game for an hour but you keep getting kicked but Plat s are toxic,vote kick most evil thing ever added game thinking more clash trying get one game hour but keep getting kicked but plat toxic,-0.4304,0.0,0.07,0.93,Negative,-0.16,0.56,Negative,0,False,General Social,,1,0.4824,Digital Culture & Media,True,Toxicity & Contamination Alarm,toxic,True
11430,TomClancysRainbowSix,Negative,Rainbow Six Siege but it's so much more TOXIC... | Rainbow Six Siege  ,Rainbow Six Siege but it's so much more TOXIC Rainbow Six Siege,rainbow six siege but so much more toxic rainbow six siege,0.0,0.0,0.0,1.0,Neutral,0.5,0.5,Positive,0,False,General Social,,6,0.6943,Product Updates & Announcements,True,Toxicity & Contamination Alarm,toxic,True
11430,TomClancysRainbowSix,Negative,"Rainbow Six Siege, but it is so much more TOXIC... | Rainbow Six Siege",Rainbow Six Siege but it is so much more TOXIC Rainbow Six Siege,rainbow six siege but so much more toxic rainbow six siege,0.0,0.0,0.0,1.0,Neutral,0.5,0.5,Positive,0,False,General Social,,6,0.6943,Product Updates & Announcements,True,Toxicity & Contamination Alarm,toxic,True
11430,TomClancysRainbowSix,Negative,"Rainbow Six, but it's much more TOXIC...",Rainbow Six but it's much more TOXIC,rainbow six but much more toxic,0.0,0.0,0.0,1.0,Neutral,0.5,0.5,Positive,0,False,General Social,,5,0.3886,Frustration & Bug Complaints,True,Toxicity & Contamination Alarm,toxic,True
11430,TomClancysRainbowSix,Negative,Rainbow Six Siege but it's so much more TOXIC... | Rainbow Six Ultimate,Rainbow Six Siege but it's so much more TOXIC Rainbow Six Ultimate,rainbow six siege but so much more toxic rainbow six ultimate,0.0,0.0,0.0,1.0,Neutral,0.25,0.75,Positive,0,False,General Social,,6,0.6943,Product Updates & Announcements,True,Toxicity & Contamination Alarm,toxic,True
11430,TomClancysRainbowSix,Negative,and Rainbow Six Siege but it's so much much more TOXIC... | see Rainbow Six Total Siege,and Rainbow Six Siege but it's so much much more TOXIC see Rainbow Six Total Siege,rainbow six siege but so much much more toxic see rainbow six total siege,0.0,0.0,0.0,1.0,Neutral,0.25,0.625,Positive,0,False,General Social,,6,0.4793,Product Updates & Announcements,True,Toxicity & Contamination Alarm,toxic,True
11430,TomClancysRainbowSix,Negative,<unk> three Siege but it's so much more TOXIC... | Rainbow Three Siege,three Siege but it's so much more TOXIC Rainbow Three Siege,three siege but so much more toxic rainbow three siege,0.0,0.0,0.0,1.0,Neutral,0.5,0.5,Positive,0,False,General Social,,6,0.6331,Product Updates & Announcements,True,Toxicity & Contamination Alarm,toxic,True
11599,TomClancysRainbowSix,Neutral,"this is the type of person that needs to be banned he was insanely toxic the whole game! He called everyone racist and or inappropriate names, and would not stop harrasing both my team and the enemy team. please ban this person his ign is spicyjew.  @Rainbow6Game  ",this is the type of person that needs to be banned he was insanely toxic the whole game He called everyone racist and or inappropriate names and would not stop harrasing both my team and the enemy team please ban this person his ign is spicyjew,type person need banned insanely toxic whole game called everyone racist inappropriate name would not stop harrasing team enemy team please ban person ign spicyjew,-0.8982,0.072,0.242,0.686,Negative,-0.4,0.6,Negative,0,False,General Social,,6,0.3149,Product Updates & Announcements,True,Toxicity & Contamination Alarm,toxic,True
11599,TomClancysRainbowSix,Neutral,"This is the kind of person that needs to be banned, he was insanely poisonous the whole game! He called everyone racist and inappropriate names and wouldn't stop harassing both my team and the opposing team. Please ban this person whose name is Spicyyev. @ Rainbow6Game",This is the kind of person that needs to be banned he was insanely poisonous the whole game He called everyone racist and inappropriate names and wouldn't stop harassing both my team and the opposing team Please ban this person whose name is Spicyyev Rainbow6Game,kind person need banned insanely poisonous whole game called everyone racist inappropriate name would n't stop harassing team opposing team please ban person whose name spicyyev rainbow6game,-0.8505,0.119,0.241,0.64,Negative,-0.15,0.675,Negative,0,False,General Social,,1,0.3544,Digital Culture & Media,True,Toxicity & Contamination Alarm,poisonous,True
11599,TomClancysRainbowSix,Neutral,"this is the type of person that needs<unk> be banned he is insanely toxic the whole game! He called everyone dirty and or inappropriate people, and would not stop harrasing both my team and the enemy team. please ban this person his ign un spicyjew.  @Rainbow6Game",this is the type of person that needs be banned he is insanely toxic the whole game He called everyone dirty and or inappropriate people and would not stop harrasing both my team and the enemy team please ban this person his ign un spicyjew,type person need banned insanely toxic whole game called everyone dirty inappropriate people would not stop harrasing team enemy team please ban person ign un spicyjew,-0.8693,0.075,0.231,0.694,Negative,-0.45,0.65,Negative,0,False,General Social,,6,0.3066,Product Updates & Announcements,True,Toxicity & Contamination Alarm,toxic,True
11599,TomClancysRainbowSix,Neutral,"this is the type of of person when that fucking needs to still be banned he was insanely toxic from the way whole game! He called everyone racist and or inappropriate names, and now would not stop so harrasing both is my team and the enemy team. please ban this person his ign is from spicyjew. @Rainbow6Game",this is the type of of person when that fucking needs to still be banned he was insanely toxic from the way whole game He called everyone racist and or inappropriate names and now would not stop so harrasing both is my team and the enemy team please ban this person his ign is from spicyjew,type person fucking need still banned insanely toxic way whole game called everyone racist inappropriate name would not stop so harrasing team enemy team please ban person ign spicyjew,-0.8982,0.061,0.206,0.732,Negative,-0.45,0.65,Negative,0,False,General Social,,1,0.2759,Digital Culture & Media,True,Toxicity & Contamination Alarm,toxic,True
11599,TomClancysRainbowSix,Neutral,"this is the part of person that needs to be deleted he was insanely toxic the whole game! He called everyone racist and or inappropriate names, and would not stop harrasing on both squad but the others team. please ban this person soon ign is banned. @Rainbow6Game",this is the part of person that needs to be deleted he was insanely toxic the whole game He called everyone racist and or inappropriate names and would not stop harrasing on both squad but the others team please ban this person soon ign is banned,part person need deleted insanely toxic whole game called everyone racist inappropriate name would not stop harrasing squad but others team please ban person soon ign banned,-0.8404,0.077,0.201,0.722,Negative,-0.4,0.6,Negative,0,False,General Social,,1,0.2897,Digital Culture & Media,True,Toxicity & Contamination Alarm,toxic,True
3229,Facebook,Neutral,It’s nice not to have facebook anymore but I can’t say I hate it when my cuz tells me the latest drama. Like how Jeremy Beuss’ skinny white ass tries to spout ‘correct’ gender roles and anti abortion/women’s health while he displays internalized homophobia and toxic masculinity,It s nice not to have facebook anymore but I can t say I hate it when my cuz tells me the latest drama Like how Jeremy Beuss skinny white ass tries to spout correct gender roles and anti abortion women s health while he displays internalized homophobia and toxic masculinity,nice not facebook anymore but say hate cuz tell latest drama like jeremy beuss skinny white as try spout correct gender role anti abortion woman health display internalized homophobia toxic masculinity,-0.8625,0.087,0.216,0.696,Negative,0.04,0.64,Neutral,0,False,General Social,,4,0.3827,Community & Social Interaction,True,Toxicity & Contamination Alarm,toxic,True
3229,Facebook,Neutral,"It's nice to no longer have Facebook, but I can't say I hate it when my husband tells me the latest drama, such as how Jeremy Beuss's skinny white ass tries to promote ""real"" gender roles and anti-abortion / women's health, while displaying internalised homophobia and toxic masculinity.",It's nice to no longer have Facebook but I can't say I hate it when my husband tells me the latest drama such as how Jeremy Beuss's skinny white ass tries to promote real gender roles and anti-abortion women's health while displaying internalised homophobia and toxic masculinity,nice no longer facebook but ca n't say hate husband tell latest drama jeremy beuss skinny white as try promote real gender role anti-abortion woman health displaying internalised homophobia toxic masculinity,0.4492,0.167,0.114,0.719,Positive,0.0571,0.5714,Positive,0,False,General Social,,6,0.2946,Product Updates & Announcements,True,Toxicity & Contamination Alarm,toxic,True
3229,Facebook,Neutral,It’s nice not to have facebook friends but I can’t say I hate it when my cuz tells me your latest drama. Like how Jeremy Beuss’ skinny white character wanted to avoid ‘correct’ gender roles and anti abortion/women’s health while he displays internalized homophobia and toxic toxicity,It s nice not to have facebook friends but I can t say I hate it when my cuz tells me your latest drama Like how Jeremy Beuss skinny white character wanted to avoid correct gender roles and anti abortion women s health while he displays internalized homophobia and toxic toxicity,nice not facebook friend but say hate cuz tell latest drama like jeremy beuss skinny white character wanted avoid correct gender role anti abortion woman health display internalized homophobia toxic toxicity,-0.6808,0.124,0.186,0.69,Negative,0.075,0.7,Positive,0,False,General Social,,5,0.3875,Frustration & Bug Complaints,True,Toxicity & Contamination Alarm,toxic,True
3229,Facebook,Neutral,It ’ s nice for not enough to have facebook anymore but I can just ’ about t even say I hate it when just my cuz tells me the latest drama. Like how Jeremy Beuss ’ skinny white ass wife tries to spout new ‘ correct ’ gender roles and anti abortion / women workers ’ s ill health while he displays internalized homophobia and toxic masculinity,It s nice for not enough to have facebook anymore but I can just about t even say I hate it when just my cuz tells me the latest drama Like how Jeremy Beuss skinny white ass wife tries to spout new correct gender roles and anti abortion women workers s ill health while he displays internalized homophobia and toxic masculinity,nice not enough facebook anymore but even say hate cuz tell latest drama like jeremy beuss skinny white as wife try spout new correct gender role anti abortion woman worker ill health display internalized homophobia toxic masculinity,-0.9231,0.072,0.23,0.698,Negative,-0.0205,0.6443,Neutral,0,False,General Social,,4,0.3872,Community & Social Interaction,True,Toxicity & Contamination Alarm,toxic,True
3341,Facebook,Irrelevant,My daughter-in-law just posted this on Facebook she’s the most toxic person I know quotes.dreamcatcher32.com/my-daughter-in…,My daughter-in-law just posted this on Facebook she s the most toxic person I know quotes dreamcatcher32 com my-daughter-in,daughter-in-law posted facebook most toxic person know quote dreamcatcher32 com my-daughter-in,0.0,0.0,0.0,1.0,Neutral,0.5,0.5,Positive,0,False,General Social,,4,0.3956,Community & Social Interaction,True,Toxicity & Contamination Alarm,toxic,True
3341,Facebook,Irrelevant,"My daughter-in-law has just posted this on Facebook, she is the most toxic person I know. Dreamcatcher32.com / my-daughter-in...",My daughter-in-law has just posted this on Facebook she is the most toxic person I know Dreamcatcher32 com my-daughter-in,daughter-in-law posted facebook most toxic person know dreamcatcher32 com my-daughter-in,0.0,0.0,0.0,1.0,Neutral,0.5,0.5,Positive,0,False,General Social,,4,0.3956,Community & Social Interaction,True,Toxicity & Contamination Alarm,toxic,True
3341,Facebook,Irrelevant,"My daughter-in-law just posted this on Facebook that she is the most toxic person I know, quotes dreamcatcher32.com / my-dreamcatcher32.com / my-dreamcatcher32.com...",My daughter-in-law just posted this on Facebook that she is the most toxic person I know quotes dreamcatcher32 com my-dreamcatcher32 com my-dreamcatcher32 com,daughter-in-law posted facebook most toxic person know quote dreamcatcher32 com my-dreamcatcher32 com my-dreamcatcher32 com,0.0,0.0,0.0,1.0,Neutral,0.5,0.5,Positive,0,False,General Social,,4,0.5166,Community & Social Interaction,True,Toxicity & Contamination Alarm,toxic,True
3341,Facebook,Irrelevant,My daughter - in - a law just yesterday posted this on a Facebook she said ’ let s the most toxic person I know quotes. Going dreamcatcher32. com / my - favorite daughter - in …,My daughter - in - a law just yesterday posted this on a Facebook she said let s the most toxic person I know quotes Going dreamcatcher32 com my - favorite daughter - in,daughter law yesterday posted facebook said let most toxic person know quote going dreamcatcher32 com favorite daughter,0.4588,0.107,0.0,0.893,Positive,0.5,0.75,Positive,0,False,General Social,,3,0.292,Customer Experience & Support,True,Toxicity & Contamination Alarm,toxic,True
3341,Facebook,Irrelevant,my daughter-in-law just posted today on Facebook by the most toxic person people know and.dreamcatcher32.com/my-daughter-in...,my daughter-in-law just posted today on Facebook by the most toxic person people know and dreamcatcher32 com my-daughter-in,daughter-in-law posted today facebook most toxic person people know dreamcatcher32 com my-daughter-in,0.0,0.0,0.0,1.0,Neutral,0.5,0.5,Positive,0,False,General Social,,3,0.342,Customer Experience & Support,True,Toxicity & Contamination Alarm,toxic,True
6813,johnson&johnson,Neutral,"BREAKING: Johnson & Johnson discontinues talc-based baby powder in U.S., Canada amid lawsuits alleging it causes cancer nbcnews.com/news/us-news/j…",BREAKING Johnson Johnson discontinues talc-based baby powder in U S Canada amid lawsuits alleging it causes cancer nbcnews com news us-news j,breaking johnson johnson discontinues talc-based baby powder canada amid lawsuit alleging cause cancer nbcnews com news us-news,-0.7184,0.0,0.261,0.739,Negative,0.0,0.0,Neutral,0,False,General Social,,6,0.3748,Product Updates & Announcements,True,Toxicity & Contamination Alarm,causes cancer,True
6813,johnson&johnson,Neutral,BREAKING: Johnson & Johnson is discontinuing talc-based baby powder in the U.S. and Canada amid lawsuits alleging it causes cancer nbcnews.com / news / us-news / j...,BREAKING Johnson Johnson is discontinuing talc-based baby powder in the U S and Canada amid lawsuits alleging it causes cancer nbcnews com news us-news j,breaking johnson johnson discontinuing talc-based baby powder canada amid lawsuit alleging cause cancer nbcnews com news us-news,-0.7184,0.0,0.231,0.769,Negative,0.0,0.0,Neutral,0,False,General Social,,6,0.3748,Product Updates & Announcements,True,Toxicity & Contamination Alarm,causes cancer,True
6813,johnson&johnson,Neutral,"BREAKING: Johnson & Johnson to stop producing talc-based baby powder in US, Canada amid claims it causes cancer nnews.com / news / us-news / j...",BREAKING Johnson Johnson to stop producing talc-based baby powder in US Canada amid claims it causes cancer nnews com news us-news j,breaking johnson johnson stop producing talc-based baby powder u canada amid claim cause cancer nnews com news us-news,-0.765,0.0,0.258,0.742,Negative,0.0,0.0,Neutral,0,False,General Social,,6,0.2912,Product Updates & Announcements,True,Toxicity & Contamination Alarm,causes cancer,True
6840,johnson&johnson,Negative,"Didn't Johnson&Johnson poison every baby in United States for DECADES & didn't US Gov allow it to continue  for several more years til they could ""adjust their formulas"", and now we're letting them make vaccines? WHY aren't they in PRISON?  ",Didn't Johnson Johnson poison every baby in United States for DECADES didn't US Gov allow it to continue for several more years til they could adjust their formulas and now we're letting them make vaccines WHY aren't they in PRISON,n't johnson johnson poison every baby united state decade n't u gov allow continue several more year til could adjust formula letting make vaccine n't prison,0.8036,0.191,0.036,0.773,Positive,0.25,0.25,Positive,0,False,General Social,,2,0.2778,Gaming Performance & Play,True,Toxicity & Contamination Alarm,poison,True
6840,johnson&johnson,Negative,"Didn't Johnson & Johnson poison every baby in the United States for DECADES, and didn't the US government allow it to go on for several more years until they could ""adjust their recipes,"" and now we let them make vaccines? WHY are they not in PRISON?",Didn't Johnson Johnson poison every baby in the United States for DECADES and didn't the US government allow it to go on for several more years until they could adjust their recipes and now we let them make vaccines WHY are they not in PRISON,n't johnson johnson poison every baby united state decade n't u government allow go several more year could adjust recipe let make vaccine not prison,0.8688,0.208,0.0,0.792,Positive,0.25,0.25,Positive,0,False,General Social,,2,0.3205,Gaming Performance & Play,True,Toxicity & Contamination Alarm,poison,True
6840,johnson&johnson,Negative,"Didn't Johnson & Johnson poison every child in the United States for DECADES and allow the American government to continue doing so for a few more years until they could ""adjust their formulas,"" and now we allow them to be vaccinated? Why aren't they in PRISON?",Didn't Johnson Johnson poison every child in the United States for DECADES and allow the American government to continue doing so for a few more years until they could adjust their formulas and now we allow them to be vaccinated Why aren't they in PRISON,n't johnson johnson poison every child united state decade allow american government continue so more year could adjust formula allow vaccinated n't prison,0.8932,0.246,0.0,0.754,Positive,0.1,0.2,Positive,0,False,General Social,,2,0.3691,Gaming Performance & Play,True,Toxicity & Contamination Alarm,poison,True
6840,johnson&johnson,Negative,"Didn't Johnson&Johnson poison every person in United States for life... didn't US Gov allow it to continue  for 50 more years til they could ""adjust their formulas"", and now we're letting them make vaccines? WHY aren't they in trouble?",Didn't Johnson Johnson poison every person in United States for life didn't US Gov allow it to continue for 50 more years til they could adjust their formulas and now we're letting them make vaccines WHY aren't they in trouble,n't johnson johnson poison every person united state life n't u gov allow continue more year til could adjust formula letting make vaccine n't trouble,0.7385,0.174,0.037,0.79,Positive,0.15,0.35,Positive,0,False,General Social,,5,0.2042,Frustration & Bug Complaints,True,Toxicity & Contamination Alarm,poison,True
6840,johnson&johnson,Negative,"Didn'′ t Johnson & Johnson just poison every baby in United the States for DECADES & didn't US Gov and allow it to continue for over several more years til finally they could "" adjust their formulas "", and now we're letting of them make better vaccines? And WHY numbers aren't they in PRISON?",Didn' t Johnson Johnson just poison every baby in United the States for DECADES didn't US Gov and allow it to continue for over several more years til finally they could adjust their formulas and now we're letting of them make better vaccines And WHY numbers aren't they in PRISON,johnson johnson poison every baby united state decade n't u gov allow continue several more year til finally could adjust formula letting make better vaccine number n't prison,0.7464,0.186,0.06,0.754,Positive,0.25,0.5,Positive,0,False,General Social,,5,0.2528,Frustration & Bug Complaints,True,Toxicity & Contamination Alarm,poison,True
6840,johnson&johnson,Negative,"Didn't Johnson&Johnson poison water baby in United US for $3 & didn't US Gov decide it should continue just several more years til they could ""adjust their formulas"", why now when're letting them make vaccines? WHY aren't they in vaccines?",Didn't Johnson Johnson poison water baby in United US for 3 didn't US Gov decide it should continue just several more years til they could adjust their formulas why now when're letting them make vaccines WHY aren't they in vaccines,n't johnson johnson poison water baby united u n't u gov decide continue several more year til could adjust formula letting make vaccine n't vaccine,0.6858,0.132,0.0,0.868,Positive,0.25,0.25,Positive,0,False,General Social,,5,0.3111,Frustration & Bug Complaints,True,Toxicity & Contamination Alarm,poison,True
6859,johnson&johnson,Negative,"@JoeBiden U have no scientific background so u certainly can’t certify medicine.So u think Pfizer, Johnson & Johnson, and others are all just making some kind of placebo or dangerous drug so that Trump can get reelected. You r scaring people and that so dangerous",U have no scientific background so u certainly can t certify medicine So u think Pfizer Johnson Johnson and others are all just making some kind of placebo or dangerous drug so that Trump can get reelected You r scaring people and that so dangerous,no scientific background so certainly certify medicine so think pfizer johnson johnson others making kind placebo dangerous drug so trump get reelected scaring people so dangerous,-0.8011,0.063,0.229,0.708,Negative,-0.0964,0.8179,Negative,1,True,Medication & Treatment,Medication & Treatment,5,0.2394,Frustration & Bug Complaints,True,Dangerous Drug & Substance Claim,dangerous drug,True
6859,johnson&johnson,Negative,"@ JoeBiden U has no scientific background, so u certainly can't certify medicines. So u think Pfizer, Johnson & Johnson and others are all just making some kind of placebo or dangerous drug for Trump to get re-elected, they scare people and that's so dangerous",JoeBiden U has no scientific background so u certainly can't certify medicines So u think Pfizer Johnson Johnson and others are all just making some kind of placebo or dangerous drug for Trump to get re-elected they scare people and that's so dangerous,joebiden no scientific background so certainly ca n't certify medicine so think pfizer johnson johnson others making kind placebo dangerous drug trump get re-elected scare people so dangerous,-0.8168,0.063,0.233,0.704,Negative,-0.0964,0.8179,Negative,0,False,General Social,,5,0.2473,Frustration & Bug Complaints,True,Dangerous Drug & Substance Claim,dangerous drug,True
6859,johnson&johnson,Negative,"So I think Heather, Johnson and Johnson and others are all just doing some kind of drug or dangerous drug so Trump can be re-elected.",So I think Heather Johnson and Johnson and others are all just doing some kind of drug or dangerous drug so Trump can be re-elected,so think heather johnson johnson others kind drug dangerous drug so trump re-elected,-0.4767,0.0,0.119,0.881,Negative,0.0,0.9,Neutral,0,False,General Social,,2,0.3519,Gaming Performance & Play,True,Dangerous Drug & Substance Claim,dangerous drug,True
6859,johnson&johnson,Negative,"@JoeBiden and U have no scientific law background anymore so u certainly can ’ t certify medicine. Now So u think Pfizer, Johnson & Johnson, Google and others ago are all just making him some kind of placebo dangerous or dangerous drug so that Trump can get him reelected. You r scaring people now and that so dangerous",and U have no scientific law background anymore so u certainly can t certify medicine Now So u think Pfizer Johnson Johnson Google and others ago are all just making him some kind of placebo dangerous or dangerous drug so that Trump can get him reelected You r scaring people now and that so dangerous,no scientific law background anymore so certainly certify medicine so think pfizer johnson johnson google others ago making kind placebo dangerous dangerous drug so trump get reelected scaring people so dangerous,-0.8829,0.051,0.234,0.715,Negative,-0.1971,0.8343,Negative,1,True,Medication & Treatment,Medication & Treatment,5,0.244,Frustration & Bug Complaints,True,Dangerous Drug & Substance Claim,dangerous drug,True
6859,johnson&johnson,Negative,"You U have no scientific background so u certainly do certify medicine.So u think this, Johnson & Johnson, and others are all just making some kind of red eye dangerous drug so that politicians can get reelected. Save r innocent people is that so dangerous",You U have no scientific background so u certainly do certify medicine So u think this Johnson Johnson and others are all just making some kind of red eye dangerous drug so that politicians can get reelected Save r innocent people is that so dangerous,no scientific background so certainly certify medicine so think johnson johnson others making kind red eye dangerous drug so politician get reelected save innocent people so dangerous,0.0814,0.167,0.161,0.672,Positive,0.019,0.6619,Neutral,1,True,Medication & Treatment,Medication & Treatment,1,0.3038,Digital Culture & Media,True,Dangerous Drug & Substance Claim,dangerous drug,True
6875,johnson&johnson,Irrelevant,NONE! NONE that work. NONE that disclose the vile toxic substances that are in them. NONE that are transparent. NONE that have a history of working. NONE that should be approved. NONE that should be mandated. NONE that are fit for anything or anyone living.,NONE NONE that work NONE that disclose the vile toxic substances that are in them NONE that are transparent NONE that have a history of working NONE that should be approved NONE that should be mandated NONE that are fit for anything or anyone living,none none work none disclose vile toxic substance none transparent none history working none approved none mandated none fit anything anyone living,-0.5283,0.056,0.124,0.82,Negative,0.4,0.4,Positive,0,False,General Social,,3,0.7379,Customer Experience & Support,True,Toxicity & Contamination Alarm,toxic,True
6875,johnson&johnson,Irrelevant,NOT! NOT what works. NOT what reveals the despicable toxic substances it contains. NOT what is transparent. NOT what has worked in the past. NOT what should be approved. NOT what should be prescribed. NOT what is suitable for anything or anyone who lives.,NOT NOT what works NOT what reveals the despicable toxic substances it contains NOT what is transparent NOT what has worked in the past NOT what should be approved NOT what should be prescribed NOT what is suitable for anything or anyone who lives,not not work not reveals despicable toxic substance contains not transparent not worked past not approved not prescribed not suitable anything anyone life,0.4215,0.061,0.0,0.939,Positive,0.15,0.5,Positive,0,False,General Social,,3,0.5274,Customer Experience & Support,True,Toxicity & Contamination Alarm,toxic,True
6875,johnson&johnson,Irrelevant,NO! NO that they work. NO that they detect the disgusting toxic substances that they contain. NO that they are transparent. NO that they have a history of work. NO that they should be approved. NO that they should be approved. NO that they should be approved. NO that they are suitable for anything or anyone living.,NO NO that they work NO that they detect the disgusting toxic substances that they contain NO that they are transparent NO that they have a history of work NO that they should be approved NO that they should be approved NO that they should be approved NO that they are suitable for anything or anyone living,no no work no detect disgusting toxic substance contain no transparent no history work no approved no approved no approved no suitable anything anyone living,-0.9657,0.103,0.367,0.53,Negative,-0.225,0.875,Negative,0,False,General Social,,3,0.595,Customer Experience & Support,True,Toxicity & Contamination Alarm,toxic,True
6875,johnson&johnson,Irrelevant,NONE! NONE that work. NONE that disclose the vile toxic substances that are in them. NONE who are transparent. NONE that have a history of working. NONE that should be approved. NONE that will be employed. NONE the are fit for employment without anyone living.,NONE NONE that work NONE that disclose the vile toxic substances that are in them NONE who are transparent NONE that have a history of working NONE that should be approved NONE that will be employed NONE the are fit for employment without anyone living,none none work none disclose vile toxic substance none transparent none history working none approved none employed none fit employment without anyone living,-0.5283,0.056,0.124,0.82,Negative,0.4,0.4,Positive,0,False,General Social,,3,0.7379,Customer Experience & Support,True,Toxicity & Contamination Alarm,toxic,True
6875,johnson&johnson,Irrelevant,NONE! NONE substances that must work. NONE that disclose the vile toxic substances that organisms are used in for them. A NONE that are transparent. NONE that should have a history of working. NONE that should be board approved. A NONE that should be mandated. NONE rights that are fit for anything or anyone living.,NONE NONE substances that must work NONE that disclose the vile toxic substances that organisms are used in for them A NONE that are transparent NONE that should have a history of working NONE that should be board approved A NONE that should be mandated NONE rights that are fit for anything or anyone living,none none substance must work none disclose vile toxic substance organism used none transparent none history working none board approved none mandated none right fit anything anyone living,0.0516,0.091,0.07,0.839,Positive,0.4,0.4,Positive,0,False,General Social,,3,0.6165,Customer Experience & Support,True,Toxicity & Contamination Alarm,toxic,True
6888,johnson&johnson,Negative,Didn’t they find asbestos in their labs??? Their baby powder linked to cancer?? Wtf is this shit..,Didn t they find asbestos in their labs Their baby powder linked to cancer Wtf is this shit,find asbestos lab baby powder linked cancer wtf shit,-0.9153,0.0,0.457,0.543,Negative,-0.35,0.9,Negative,0,False,General Social,,2,0.6458,Gaming Performance & Play,True,Toxicity & Contamination Alarm,asbestos,True
6888,johnson&johnson,Negative,Didn't they find asbestos in their laboratories??? Their baby powder associated with cancer??? Wtf is that shit.,Didn't they find asbestos in their laboratories Their baby powder associated with cancer Wtf is that shit,n't find asbestos laboratory baby powder associated cancer wtf shit,-0.9153,0.0,0.457,0.543,Negative,-0.35,0.9,Negative,0,False,General Social,,2,0.5952,Gaming Performance & Play,True,Toxicity & Contamination Alarm,asbestos,True
6888,johnson&johnson,Negative,Didn’t they find asbestos in their labs??? Also radioactive powder linked to cancer?? Wtf is this shit..,Didn t they find asbestos in their labs Also radioactive powder linked to cancer Wtf is this shit,find asbestos lab also radioactive powder linked cancer wtf shit,-0.9153,0.0,0.457,0.543,Negative,-0.35,0.9,Negative,0,False,General Social,,2,0.5952,Gaming Performance & Play,True,Toxicity & Contamination Alarm,asbestos,True
6888,johnson&johnson,Negative,Didn ’ t you they find asbestos products in both their own labs??? Their baby powder linked to cancer?? I Wtf is into this shit..,Didn t you they find asbestos products in both their own labs Their baby powder linked to cancer I Wtf is into this shit,find asbestos product lab baby powder linked cancer wtf shit,-0.9253,0.0,0.396,0.604,Negative,-0.0333,0.9333,Neutral,0,False,General Social,,2,0.5741,Gaming Performance & Play,True,Toxicity & Contamination Alarm,asbestos,True
6888,johnson&johnson,Negative,Didn’t they find asbestos from their labs??? Their baby powder linked to cancer?? Oh fuck so shit..,Didn t they find asbestos from their labs Their baby powder linked to cancer Oh fuck so shit,find asbestos lab baby powder linked cancer oh fuck so shit,-0.9262,0.0,0.472,0.528,Negative,-0.3,0.7,Negative,0,False,General Social,,2,0.5741,Gaming Performance & Play,True,Toxicity & Contamination Alarm,asbestos,True
6905,johnson&johnson,Negative,"Yesterday, I joined @ewg for a roundtable discussion on the impacts of Johnson & Johnson's recent discontinuation of their asbestos-containing talc-based baby powder. This is a major victory for American consumers and I'm glad Johnson & Johnson finally made the right choice. https://t.co/08ZwcXHvQz",Yesterday I joined for a roundtable discussion on the impacts of Johnson Johnson's recent discontinuation of their asbestos-containing talc-based baby powder This is a major victory for American consumers and I'm glad Johnson Johnson finally made the right choice,yesterday joined roundtable discussion impact johnson johnson recent discontinuation asbestos-containing talc-based baby powder major victory american consumer glad johnson johnson finally made right choice,0.4588,0.079,0.0,0.921,Positive,0.1414,0.5476,Positive,0,False,General Social,,2,0.3053,Gaming Performance & Play,True,Toxicity & Contamination Alarm,asbestos,True
6905,johnson&johnson,Negative,"Yesterday, I joined @ ewg in a roundtable discussion on the impact of the recent discontinuation of Johnson & Johnson's talc-based asbestos-containing baby powder, which is a great victory for American consumers and I am glad that Johnson & Johnson has finally made the right choice. https: / / t.co / 08ZwcXHvQz",Yesterday I joined ewg in a roundtable discussion on the impact of the recent discontinuation of Johnson Johnson's talc-based asbestos-containing baby powder which is a great victory for American consumers and I am glad that Johnson Johnson has finally made the right choice 08ZwcXHvQz,yesterday joined ewg roundtable discussion impact recent discontinuation johnson johnson talc-based asbestos-containing baby powder great victory american consumer glad johnson johnson finally made right choice 08zwcxhvqz,0.7964,0.157,0.0,0.843,Positive,0.2643,0.5893,Positive,0,False,General Social,,2,0.3075,Gaming Performance & Play,True,Toxicity & Contamination Alarm,asbestos,True
6905,johnson&johnson,Negative,"Yesterday, I joined @ ewg for a wide-ranging discussion on the implications of Johnson & Johnson's recent suspension of asbestos-based baby powder production.",Yesterday I joined ewg for a wide-ranging discussion on the implications of Johnson Johnson's recent suspension of asbestos-based baby powder production,yesterday joined ewg wide-ranging discussion implication johnson johnson recent suspension asbestos-based baby powder production,0.0,0.0,0.0,1.0,Neutral,0.0,0.25,Neutral,0,False,General Social,,2,0.4306,Gaming Performance & Play,True,Toxicity & Contamination Alarm,asbestos,True
6905,johnson&johnson,Negative,"Yesterday, Tim joined you for a roundtable discussion on the impacts of Johnson regarding its recent discontinuation of their asbestos-containing talc-based baby powder. This is a major victory for American consumers - I'm glad Johnson & Co finally made the right choice. https://t.co/08ZwcXHvQz]",Yesterday Tim joined you for a roundtable discussion on the impacts of Johnson regarding its recent discontinuation of their asbestos-containing talc-based baby powder This is a major victory for American consumers - I'm glad Johnson Co finally made the right choice,yesterday tim joined roundtable discussion impact johnson regarding recent discontinuation asbestos-containing talc-based baby powder major victory american consumer glad johnson co finally made right choice,0.4588,0.075,0.0,0.925,Positive,0.1414,0.5476,Positive,0,False,General Social,,2,0.3248,Gaming Performance & Play,True,Toxicity & Contamination Alarm,asbestos,True
6905,johnson&johnson,Negative,"Yesterday, I joined @ewg for supporting a roundtable opinion discussion on the potential impacts of Johnson & Johnson's recent financial discontinuation of their asbestos - containing dry talc - based baby powder. This is a major victory for American consumers and hence I'm glad the Johnson & Johnson finally had made the right label choice. • https://t.co/08ZwcXHvQz ]",Yesterday I joined for supporting a roundtable opinion discussion on the potential impacts of Johnson Johnson's recent financial discontinuation of their asbestos - containing dry talc - based baby powder This is a major victory for American consumers and hence I'm glad the Johnson Johnson finally had made the right label choice,yesterday joined supporting roundtable opinion discussion potential impact johnson johnson recent financial discontinuation asbestos containing dry talc based baby powder major victory american consumer hence glad johnson johnson finally made right label choice,0.7096,0.116,0.0,0.884,Positive,0.1032,0.5136,Positive,0,False,General Social,,6,0.2865,Product Updates & Announcements,True,Toxicity & Contamination Alarm,asbestos,True
6914,johnson&johnson,Neutral,Johnson & Tyson Hits With $2.1bn Fine For Poison-Causing Powder concoursemediagroup.com/johnson-johnso… via @concoursenews https://t.co/oyT4XTzunE],Johnson Tyson Hits With 2 1bn Fine For Poison-Causing Powder concoursemediagroup com johnson-johnso via,johnson tyson hit 1bn fine poison-causing powder concoursemediagroup com johnson-johnso via,0.2023,0.13,0.0,0.87,Positive,0.4167,0.5,Positive,0,False,General Social,,6,0.4629,Product Updates & Announcements,True,Toxicity & Contamination Alarm,poison,True
6933,johnson&johnson,Negative,"Talc is cancerous. Not figuratively, but literally causes cancer.. . Do not buy any product that contains Talc!",Talc is cancerous Not figuratively but literally causes cancer Do not buy any product that contains Talc,talc cancerous not figuratively but literally cause cancer not buy product contains talc,-0.7964,0.0,0.276,0.724,Negative,0.0,0.0,Neutral,0,False,General Social,,2,0.3907,Gaming Performance & Play,True,Toxicity & Contamination Alarm,causes cancer,True
6933,johnson&johnson,Negative,"Talc is carcinogenic, not figuratively, but literally causes cancer. Do not buy a product that contains talcum!",Talc is carcinogenic not figuratively but literally causes cancer Do not buy a product that contains talcum,talc carcinogenic not figuratively but literally cause cancer not buy product contains talcum,-0.7964,0.0,0.289,0.711,Negative,0.0,0.0,Neutral,0,False,General Social,,4,0.3429,Community & Social Interaction,True,Toxicity & Contamination Alarm,causes cancer,True
6933,johnson&johnson,Negative,"Talc is a carcinogen. Not only is it harmful, but it literally causes cancer... Don't buy products containing Talc!",Talc is a carcinogen Not only is it harmful but it literally causes cancer Don't buy products containing Talc,talc carcinogen not harmful but literally cause cancer n't buy product containing talc,-0.7964,0.0,0.264,0.736,Negative,0.0,1.0,Neutral,0,False,General Social,,2,0.3907,Gaming Performance & Play,True,Toxicity & Contamination Alarm,carcinogen,True
6933,johnson&johnson,Negative,"Talc is cancerous. And Not figuratively, but pretty literally it causes cancer... I Do not actually buy any product that potentially contains Talc!",Talc is cancerous And Not figuratively but pretty literally it causes cancer I Do not actually buy any product that potentially contains Talc,talc cancerous not figuratively but pretty literally cause cancer not actually buy product potentially contains talc,-0.8896,0.0,0.323,0.677,Negative,0.0833,0.7,Positive,0,False,General Social,,4,0.3977,Community & Social Interaction,True,Toxicity & Contamination Alarm,causes cancer,True
6933,johnson&johnson,Negative,"Talc does cancerous. Not figuratively, but literally causes cancer... absolutely not buy the product containing contains Talc!",Talc does cancerous Not figuratively but literally causes cancer absolutely not buy the product containing contains Talc,talc cancerous not figuratively but literally cause cancer absolutely not buy product containing contains talc,-0.7964,0.0,0.276,0.724,Negative,-0.1,0.9,Negative,0,False,General Social,,2,0.3479,Gaming Performance & Play,True,Toxicity & Contamination Alarm,causes cancer,True
6950,johnson&johnson,Neutral,Johnson & Johnson Facing Lawsuits Over Asbestos Contaminated Baby Powder. . . Call us for a free consultation! (727)451-6900. .  . . dolmanlaw.com/johnson-johnso…,Johnson Johnson Facing Lawsuits Over Asbestos Contaminated Baby Powder Call us for a free consultation 727 451-6900 dolmanlaw com johnson-johnso,johnson johnson facing lawsuit asbestos contaminated baby powder call u free consultation 451-6900 dolmanlaw com johnson-johnso,0.4019,0.151,0.073,0.776,Positive,0.4,0.8,Positive,0,False,General Social,,6,0.419,Product Updates & Announcements,True,Toxicity & Contamination Alarm,asbestos,True
6950,johnson&johnson,Neutral,Johnson & Johnson facing lawsuits over asbestos-contaminated baby powder... Call us for a free consultation! (727) 451-6900.... dolmanlaw.com / johnson-johnso...,Johnson Johnson facing lawsuits over asbestos-contaminated baby powder Call us for a free consultation 727 451-6900 dolmanlaw com johnson-johnso,johnson johnson facing lawsuit asbestos-contaminated baby powder call u free consultation 451-6900 dolmanlaw com johnson-johnso,0.4019,0.158,0.077,0.766,Positive,0.4,0.8,Positive,0,False,General Social,,6,0.419,Product Updates & Announcements,True,Toxicity & Contamination Alarm,asbestos,True
6950,johnson&johnson,Neutral,Johnson & Johnson Facing Justice Of Asbestos Contracted Baby Powder... Call us for a free consultation! (727) 451-6900.... dolmanlaw.com / json-jso...,Johnson Johnson Facing Justice Of Asbestos Contracted Baby Powder Call us for a free consultation 727 451-6900 dolmanlaw com json-jso,johnson johnson facing justice asbestos contracted baby powder call u free consultation 451-6900 dolmanlaw com json-jso,0.7717,0.283,0.0,0.717,Positive,0.4,0.8,Positive,0,False,General Social,,2,0.4167,Gaming Performance & Play,True,Toxicity & Contamination Alarm,asbestos,True
6950,johnson&johnson,Neutral,Johnson & Johnson... Facing Florida Lawsuits Against Over the Asbestos or Contaminated Baby Powder... Call us just for me a free public consultation! ( 727 ) 451 - 109 6900.... dolmanlaw. com / johnson - johnso …,Johnson Johnson Facing Florida Lawsuits Against Over the Asbestos or Contaminated Baby Powder Call us just for me a free public consultation 727 451 - 109 6900 dolmanlaw com johnson - johnso,johnson johnson facing florida lawsuit asbestos contaminated baby powder call u free public consultation dolmanlaw com johnson johnso,0.4019,0.103,0.05,0.846,Positive,0.2,0.4333,Positive,0,False,General Social,,2,0.3691,Gaming Performance & Play,True,Toxicity & Contamination Alarm,asbestos,True
6964,johnson&johnson,Negative,And the US WANTS TO TRUST THIS COMPANY with a VACCINE?. . Johnson & Johnson knew for decades that ASBESTOS lurked in some of its baby powder - nbcnews.com/health/health-…,And the US WANTS TO TRUST THIS COMPANY with a VACCINE Johnson Johnson knew for decades that ASBESTOS lurked in some of its baby powder - nbcnews com health health-,u want trust company vaccine johnson johnson knew decade asbestos lurked baby powder nbcnews com health health,0.6166,0.13,0.0,0.87,Positive,0.2,0.1,Positive,0,False,General Social,,6,0.2778,Product Updates & Announcements,True,Toxicity & Contamination Alarm,asbestos,True
6964,johnson&johnson,Negative,And the U.S. wants to trust this company with a vaccine?... Johnson & Johnson knew for decades that ASBESTOS was lurking in part of its baby powder - nbcnews.com / health / health-...,And the U S wants to trust this company with a vaccine Johnson Johnson knew for decades that ASBESTOS was lurking in part of its baby powder - nbcnews com health health-,want trust company vaccine johnson johnson knew decade asbestos lurking part baby powder nbcnews com health health,0.4215,0.107,0.049,0.844,Positive,0.2,0.1,Positive,0,False,General Social,,6,0.2778,Product Updates & Announcements,True,Toxicity & Contamination Alarm,asbestos,True
6964,johnson&johnson,Negative,Johnson and Johnson knew for decades that ASBESTOS lured them with baby powder - nnews.com / health /...,Johnson and Johnson knew for decades that ASBESTOS lured them with baby powder - nnews com health,johnson johnson knew decade asbestos lured baby powder nnews com health,0.0,0.0,0.0,1.0,Neutral,0.0,0.0,Neutral,0,False,General Social,,2,0.4167,Gaming Performance & Play,True,Toxicity & Contamination Alarm,asbestos,True
6964,johnson&johnson,Negative,And the US WANTS TO TRUST THIS COMPANY AS a VACCINE?. The Johnson & Johnson knew for decades that ASBESTOS was underneath some of its baby powder - Shutterstock.com/health/health-…,And the US WANTS TO TRUST THIS COMPANY AS a VACCINE The Johnson Johnson knew for decades that ASBESTOS was underneath some of its baby powder - Shutterstock com health health-,u want trust company vaccine johnson johnson knew decade asbestos underneath baby powder shutterstock com health health,0.6166,0.126,0.0,0.874,Positive,0.2,0.1,Positive,0,False,General Social,,6,0.2778,Product Updates & Announcements,True,Toxicity & Contamination Alarm,asbestos,True
6964,johnson&johnson,Negative,And the words US WANTS TO TRUST THIS THE COMPANY UP with a VACCINE?.. Johnson & Johnson knew for decades that this ASBESTOS has lurked secret in some sort of this its baby powder - at nbcnews. au com / health / health - …,And the words US WANTS TO TRUST THIS THE COMPANY UP with a VACCINE Johnson Johnson knew for decades that this ASBESTOS has lurked secret in some sort of this its baby powder - at nbcnews au com health health -,word u want trust company vaccine johnson johnson knew decade asbestos lurked secret sort baby powder nbcnews au com health health,0.6166,0.098,0.0,0.902,Positive,-0.1,0.4,Negative,0,False,General Social,,6,0.3054,Product Updates & Announcements,True,Toxicity & Contamination Alarm,asbestos,True
6964,johnson&johnson,Negative,IN the US WANTS TO TRUST THIS COMPANY WITHOUT a VACCINE?.. Johnson & Johnson sold it awhile so ASBESTOS sells with some of its baby powder - nbcnews.com/health/health-...,IN the US WANTS TO TRUST THIS COMPANY WITHOUT a VACCINE Johnson Johnson sold it awhile so ASBESTOS sells with some of its baby powder - nbcnews com health health-,u want trust company without vaccine johnson johnson sold awhile so asbestos sell baby powder nbcnews com health health,0.6166,0.13,0.0,0.87,Positive,0.2,0.1,Positive,0,False,General Social,,6,0.3559,Product Updates & Announcements,True,Toxicity & Contamination Alarm,asbestos,True
7019,johnson&johnson,Negative,"LMAO...this country is fvcked up. JFC, just saw a Johnson & Johnson commercial--You know, the folks with toxic talc causing cancer--talking about how they're working round the clock for a  . . Line up folks! Roll up your sleeves.",LMAO this country is fvcked up JFC just saw a Johnson Johnson commercial--You know the folks with toxic talc causing cancer--talking about how they're working round the clock for a Line up folks Roll up your sleeves,lmao country fvcked jfc saw johnson johnson commercial know folk toxic talc causing cancer talking working round clock line folk roll sleeve,0.6841,0.12,0.0,0.88,Positive,0.2,0.7,Positive,0,False,General Social,,1,0.3027,Digital Culture & Media,True,Toxicity & Contamination Alarm,toxic,True
7019,johnson&johnson,Negative,"LMAO... this country is confused. JFC has just seen a Johnson & Johnson commercial - you know, the people with toxic talk that causes cancer - and talked about how they line up around the clock for a... people! roll up their sleeves.",LMAO this country is confused JFC has just seen a Johnson Johnson commercial - you know the people with toxic talk that causes cancer - and talked about how they line up around the clock for a people roll up their sleeves,lmao country confused jfc seen johnson johnson commercial know people toxic talk cause cancer talked line around clock people roll sleeve,-0.2656,0.1,0.145,0.755,Negative,0.0667,0.5667,Positive,0,False,General Social,,6,0.2986,Product Updates & Announcements,True,Toxicity & Contamination Alarm,toxic,True
7019,johnson&johnson,Negative,"JFC, just saw the commercial firm Johnson & Johnson - you know, people with toxic talc that causes cancer - talking about how they work around the clock for... money!",JFC just saw the commercial firm Johnson Johnson - you know people with toxic talc that causes cancer - talking about how they work around the clock for money,jfc saw commercial firm johnson johnson know people toxic talc cause cancer talking work around clock money,-0.6597,0.0,0.145,0.855,Negative,-0.1,0.2,Negative,0,False,General Social,,5,0.4101,Frustration & Bug Complaints,True,Toxicity & Contamination Alarm,toxic,True
7019,johnson&johnson,Negative,"LMAO...this country is fvcked up. Heck, just saw a Johnson & Johnson commercial--You remember, the folks with toxic talc causing cancer--talking about how they're working butt and clock for a .. Line up folks! Roll up thy sleeves.",LMAO this country is fvcked up Heck just saw a Johnson Johnson commercial--You remember the folks with toxic talc causing cancer--talking about how they're working butt and clock for a Line up folks Roll up thy sleeves,lmao country fvcked heck saw johnson johnson commercial remember folk toxic talc causing cancer talking working butt clock line folk roll thy sleeve,0.6841,0.12,0.0,0.88,Positive,0.6,1.0,Positive,0,False,General Social,,4,0.3179,Community & Social Interaction,True,Toxicity & Contamination Alarm,toxic,True
7019,johnson&johnson,Negative,"LMAO... this country really is fvcked up. JFC, just saw on a Johnson & Johnson NBC commercial - - for You know, the folks with toxic talc causing cancer - - talking excitedly about how they'd re always working and round the clock talking for a.. Line things up folks! Roll up your sleeves.",LMAO this country really is fvcked up JFC just saw on a Johnson Johnson NBC commercial - - for You know the folks with toxic talc causing cancer - - talking excitedly about how they'd re always working and round the clock talking for a Line things up folks Roll up your sleeves,lmao country really fvcked jfc saw johnson johnson nbc commercial know folk toxic talc causing cancer talking excitedly always working round clock talking line thing folk roll sleeve,0.5473,0.141,0.078,0.781,Positive,0.195,0.47,Positive,0,False,General Social,,1,0.2901,Digital Culture & Media,True,Toxicity & Contamination Alarm,toxic,True
7019,johnson&johnson,Negative,"LMAO...this country is packed up. JFC, we have a Johnson & Johnson commercial--You know, the people with toxic talc causing cancer--talking over how they're wandering round the cities for a.. Line yourselves folks! Roll up your own.",LMAO this country is packed up JFC we have a Johnson Johnson commercial--You know the people with toxic talc causing cancer--talking over how they're wandering round the cities for a Line yourselves folks Roll up your own,lmao country packed jfc johnson johnson commercial know people toxic talc causing cancer talking wandering round city line folk roll,0.6841,0.12,0.0,0.88,Positive,0.3333,0.8,Positive,0,False,General Social,,5,0.2507,Frustration & Bug Complaints,True,Toxicity & Contamination Alarm,toxic,True
7023,johnson&johnson,Neutral,Johnson&Johnson to stop selling baby powder in US.. The firm faces thousands of lawsuits that its talc products caused cancer.. It said in Oct that its testing had found no asbestos in its Baby Powder after tests conducted by USFDA discovered trace amounts.. bbc.co.uk/news/business-…,Johnson Johnson to stop selling baby powder in US The firm faces thousands of lawsuits that its talc products caused cancer It said in Oct that its testing had found no asbestos in its Baby Powder after tests conducted by USFDA discovered trace amounts bbc co uk news business-,johnson johnson stop selling baby powder u firm face thousand lawsuit talc product caused cancer said oct testing found no asbestos baby powder test conducted usfda discovered trace amount bbc co uk news business,-0.8555,0.0,0.188,0.812,Negative,-0.2,0.4,Negative,0,False,General Social,,2,0.343,Gaming Performance & Play,True,Toxicity & Contamination Alarm,asbestos,True
7023,johnson&johnson,Neutral,"Johnson & Johnson to stop selling baby powder in the U.S. The company is facing thousands of lawsuits alleging that its talc products caused cancer. In October, it announced that its tests had found no asbestos in its baby powder after tests by the USFDA detected traces.. bbc.co.uk / news / business-...",Johnson Johnson to stop selling baby powder in the U S The company is facing thousands of lawsuits alleging that its talc products caused cancer In October it announced that its tests had found no asbestos in its baby powder after tests by the USFDA detected traces bbc co uk news business-,johnson johnson stop selling baby powder company facing thousand lawsuit alleging talc product caused cancer october announced test found no asbestos baby powder test usfda detected trace bbc co uk news business,-0.8555,0.0,0.184,0.816,Negative,0.0,0.0,Neutral,0,False,General Social,,2,0.4603,Gaming Performance & Play,True,Toxicity & Contamination Alarm,asbestos,True
7023,johnson&johnson,Neutral,Johnson & Johnson stops selling baby powder in the US. The firm faces thousands of lawsuits claiming that its products containing talc cause cancer.,Johnson Johnson stops selling baby powder in the US The firm faces thousands of lawsuits claiming that its products containing talc cause cancer,johnson johnson stop selling baby powder u firm face thousand lawsuit claiming product containing talc cause cancer,-0.765,0.0,0.275,0.725,Negative,-0.2,0.4,Negative,0,False,General Social,,4,0.2681,Community & Social Interaction,True,Toxicity & Contamination Alarm,cause cancer,True
7023,johnson&johnson,Neutral,Johnson&Johnson to resume selling baby powder across US.. The firm faces thousands consumer lawsuits that some talc products caused cancer.. It said in Oct that its testing had found no asbestos in their Baby Powder after tests conducted by USFDA discovered trace amounts.. Metro.co.uk/news/business-…,Johnson Johnson to resume selling baby powder across US The firm faces thousands consumer lawsuits that some talc products caused cancer It said in Oct that its testing had found no asbestos in their Baby Powder after tests conducted by USFDA discovered trace amounts Metro co uk news business-,johnson johnson resume selling baby powder across u firm face thousand consumer lawsuit talc product caused cancer said oct testing found no asbestos baby powder test conducted usfda discovered trace amount metro co uk news business,-0.802,0.0,0.151,0.849,Negative,-0.2,0.4,Negative,0,False,General Social,,2,0.3568,Gaming Performance & Play,True,Toxicity & Contamination Alarm,asbestos,True
7023,johnson&johnson,Neutral,Johnson & Johnson to stop its selling baby powder in US.. The firm faces thousands of lawsuits denying that its talc products allegedly caused breast cancer.. It said in 1 Oct that its testing had actually found no asbestos in either its product Baby Powder after medical tests conducted by USFDA discovered trace amounts.. com bbc. co. uk / news / business - …,Johnson Johnson to stop its selling baby powder in US The firm faces thousands of lawsuits denying that its talc products allegedly caused breast cancer It said in 1 Oct that its testing had actually found no asbestos in either its product Baby Powder after medical tests conducted by USFDA discovered trace amounts com bbc co uk news business -,johnson johnson stop selling baby powder u firm face thousand lawsuit denying talc product allegedly caused breast cancer said oct testing actually found no asbestos either product baby powder medical test conducted usfda discovered trace amount com bbc co uk news business,-0.8957,0.0,0.195,0.805,Negative,-0.075,0.15,Negative,0,False,General Social,,2,0.2954,Gaming Performance & Play,True,Toxicity & Contamination Alarm,asbestos,True
7023,johnson&johnson,Neutral,<unk>&Johnson to stop making infant powder in US.. The firm faces thousands of lawsuits alleging its talc products caused fatal.. It said in Oct that independent testing had found no asbestos in its Baby Powder as tests conducted on USFDA discovered bone fragments.. bbc.co.uk/news/business-...,Johnson to stop making infant powder in US The firm faces thousands of lawsuits alleging its talc products caused fatal It said in Oct that independent testing had found no asbestos in its Baby Powder as tests conducted on USFDA discovered bone fragments bbc co uk news business-,johnson stop making infant powder u firm face thousand lawsuit alleging talc product caused fatal said oct independent testing found no asbestos baby powder test conducted usfda discovered bone fragment bbc co uk news business,-0.8176,0.0,0.178,0.822,Negative,-0.1,0.2625,Negative,0,False,General Social,,2,0.3429,Gaming Performance & Play,True,Toxicity & Contamination Alarm,asbestos,True
7024,johnson&johnson,Negative,"Johnson & Johnson, knowingly sold baby powder containing asbestos for decades and are now tasked with producing  ",Johnson Johnson knowingly sold baby powder containing asbestos for decades and are now tasked with producing,johnson johnson knowingly sold baby powder containing asbestos decade tasked producing,0.0,0.0,0.0,1.0,Neutral,0.0,0.0,Neutral,0,False,General Social,,2,0.5208,Gaming Performance & Play,True,Toxicity & Contamination Alarm,asbestos,True
7024,johnson&johnson,Negative,"Johnson & Johnson, who for decades knowingly sold asbestos-containing baby powder and are now charged with manufacturing it",Johnson Johnson who for decades knowingly sold asbestos-containing baby powder and are now charged with manufacturing it,johnson johnson decade knowingly sold asbestos-containing baby powder charged manufacturing,-0.2023,0.0,0.101,0.899,Negative,0.0,0.0,Neutral,0,False,General Social,,2,0.463,Gaming Performance & Play,True,Toxicity & Contamination Alarm,asbestos,True
7024,johnson&johnson,Negative,Johnson & Johnson knowingly sold baby powder containing asbestos for decades and are now charged with manufacturing,Johnson Johnson knowingly sold baby powder containing asbestos for decades and are now charged with manufacturing,johnson johnson knowingly sold baby powder containing asbestos decade charged manufacturing,-0.2023,0.0,0.107,0.893,Negative,0.0,0.0,Neutral,0,False,General Social,,2,0.463,Gaming Performance & Play,True,Toxicity & Contamination Alarm,asbestos,True
7024,johnson&johnson,Negative,"Johnson & Johnson, knowingly sold baby powder containing asbestos for decades and is now tasked with producing",Johnson Johnson knowingly sold baby powder containing asbestos for decades and is now tasked with producing,johnson johnson knowingly sold baby powder containing asbestos decade tasked producing,0.0,0.0,0.0,1.0,Neutral,0.0,0.0,Neutral,0,False,General Social,,2,0.5208,Gaming Performance & Play,True,Toxicity & Contamination Alarm,asbestos,True
7024,johnson&johnson,Negative,"Johnson & Johnson, knowingly sold baby powder packets containing asbestos for 21 decades before and are now tasked solely with producing",Johnson Johnson knowingly sold baby powder packets containing asbestos for 21 decades before and are now tasked solely with producing,johnson johnson knowingly sold baby powder packet containing asbestos decade tasked solely producing,0.0,0.0,0.0,1.0,Neutral,0.0,0.0,Neutral,0,False,General Social,,2,0.5208,Gaming Performance & Play,True,Toxicity & Contamination Alarm,asbestos,True
7024,johnson&johnson,Negative,"Johnson & Johnson, knowingly sold baby powder containing asbestos for decades now am now tasked with producing",Johnson Johnson knowingly sold baby powder containing asbestos for decades now am now tasked with producing,johnson johnson knowingly sold baby powder containing asbestos decade tasked producing,0.0,0.0,0.0,1.0,Neutral,0.0,0.0,Neutral,0,False,General Social,,2,0.5208,Gaming Performance & Play,True,Toxicity & Contamination Alarm,asbestos,True
7027,johnson&johnson,Negative,While I can only vaguely imagine the toxic markup that the vaccine will surely have. Probably in the 1500 % range and it won't be an effective,While I can only vaguely imagine the toxic markup that the vaccine will surely have Probably in the 1500 range and it won't be an effective,vaguely imagine toxic markup vaccine surely probably range wo n't effective,0.089,0.102,0.09,0.808,Positive,0.15,0.7972,Positive,0,False,General Social,,5,0.401,Frustration & Bug Complaints,True,Toxicity & Contamination Alarm,toxic,True
7048,johnson&johnson,Negative,"You mean the same Johnson & Johnson that suppressed reports of asbestos contamination in their talc products for decades??? Wonder how many died??? And Birx says; ""Randomized controlled studies show NO evidence of improved outcome with HCQ."" LIAR???. youtu.be/77TMszubRU4",You mean the same Johnson Johnson that suppressed reports of asbestos contamination in their talc products for decades Wonder how many died And Birx says Randomized controlled studies show NO evidence of improved outcome with HCQ LIAR youtu be 77TMszubRU4,mean johnson johnson suppressed report asbestos contamination talc product decade wonder many died birx say randomized controlled study show no evidence improved outcome hcq liar youtu 77tmszubru4,-0.8159,0.062,0.213,0.725,Negative,0.0625,0.4375,Positive,0,False,General Social,,2,0.373,Gaming Performance & Play,True,Toxicity & Contamination Alarm,asbestos,True
7048,johnson&johnson,Negative,"You're referring to the same Johnson & Johnson that for decades suppressed reports of asbestos contamination in its talc products??? I wonder how many have died??? and Birx says,??? Randomized controlled trials show NO evidence of improved outcomes with HCQ. ""LIAR???. youtu.be / 77TMszubRU4",You're referring to the same Johnson Johnson that for decades suppressed reports of asbestos contamination in its talc products I wonder how many have died and Birx says Randomized controlled trials show NO evidence of improved outcomes with HCQ LIAR youtu be 77TMszubRU4,referring johnson johnson decade suppressed report asbestos contamination talc product wonder many died birx say randomized controlled trial show no evidence improved outcome hcq liar youtu 77tmszubru4,-0.8159,0.06,0.205,0.735,Negative,0.25,0.3125,Positive,0,False,General Social,,2,0.3358,Gaming Performance & Play,True,Toxicity & Contamination Alarm,asbestos,True
7048,johnson&johnson,Negative,"You mean the same Johnson & Johnson that for decades covered up reports of asbestos contamination of their products with talc??? I wonder how many died??? And Birks says,??? The Randfeld studies show no evidence of an improvement in HCQ outcomes.??? LIAR??? youtu.be / 77TMsbRU4",You mean the same Johnson Johnson that for decades covered up reports of asbestos contamination of their products with talc I wonder how many died And Birks says The Randfeld studies show no evidence of an improvement in HCQ outcomes LIAR youtu be 77TMsbRU4,mean johnson johnson decade covered report asbestos contamination product talc wonder many died birks say randfeld study show no evidence improvement hcq outcome liar youtu 77tmsbru4,-0.7804,0.058,0.19,0.752,Negative,0.0625,0.4375,Positive,0,False,General Social,,2,0.3759,Gaming Performance & Play,True,Toxicity & Contamination Alarm,asbestos,True
7048,johnson&johnson,Negative,"You mean like the exact same Johnson & Johnson firm that suppressed reports of asbestos contamination in their talc products once for decades??? Wonder how many consumers died??? And Steve Birx says ; "" Randomized controlled studies sometimes show NO evidence form of your improved outcome with HCQ. "" 24 LIAR???. youtu. be / 77TMszubRU4",You mean like the exact same Johnson Johnson firm that suppressed reports of asbestos contamination in their talc products once for decades Wonder how many consumers died And Steve Birx says Randomized controlled studies sometimes show NO evidence form of your improved outcome with HCQ 24 LIAR youtu be 77TMszubRU4,mean like exact johnson johnson firm suppressed report asbestos contamination talc product decade wonder many consumer died steve birx say randomized controlled study sometimes show no evidence form improved outcome hcq liar youtu 77tmszubru4,-0.7154,0.092,0.173,0.736,Negative,0.0475,0.3925,Neutral,0,False,General Social,,2,0.3244,Gaming Performance & Play,True,Toxicity & Contamination Alarm,asbestos,True
7048,johnson&johnson,Negative,"You mean those same Johnson Johnson Johnson that suppressed reports of asbestos contamination in their talc products for years Wonder how children died??? And Birx says; ""Randomized controlled studies provide NO evidence for clinical outcome following HCQ."" Or. youtu.be/77TMszubRU4",You mean those same Johnson Johnson Johnson that suppressed reports of asbestos contamination in their talc products for years Wonder how children died And Birx says Randomized controlled studies provide NO evidence for clinical outcome following HCQ Or youtu be 77TMszubRU4,mean johnson johnson johnson suppressed report asbestos contamination talc product year wonder child died birx say randomized controlled study provide no evidence clinical outcome following hcq youtu 77tmszubru4,-0.7603,0.0,0.143,0.857,Negative,-0.1042,0.3042,Negative,0,False,General Social,,6,0.2551,Product Updates & Announcements,True,Toxicity & Contamination Alarm,asbestos,True
7105,johnson&johnson,Negative,Johnson & Johnson was pummeled with $186 million in combined punitive damages at a New Jersey state trial over claims the pharmaceutical giant knowingly sold baby powder containing asbestos and hid that contamination from the public with reckless indifference to the consequences,Johnson Johnson was pummeled with 186 million in combined punitive damages at a New Jersey state trial over claims the pharmaceutical giant knowingly sold baby powder containing asbestos and hid that contamination from the public with reckless indifference to the consequences,johnson johnson pummeled million combined punitive damage new jersey state trial claim pharmaceutical giant knowingly sold baby powder containing asbestos hid contamination public reckless indifference consequence,-0.8591,0.0,0.247,0.753,Negative,0.0455,0.5071,Neutral,0,False,General Social,,6,0.449,Product Updates & Announcements,True,Toxicity & Contamination Alarm,asbestos,True
7105,johnson&johnson,Negative,Johnson & Johnson has been awarded a total of $186 million in damages in a New Jersey lawsuit over claims that the pharmaceutical giant knowingly sold asbestos-containing baby powder and hid the contamination from the public with reckless indifference to the consequences.,Johnson Johnson has been awarded a total of 186 million in damages in a New Jersey lawsuit over claims that the pharmaceutical giant knowingly sold asbestos-containing baby powder and hid the contamination from the public with reckless indifference to the consequences,johnson johnson awarded total million damage new jersey lawsuit claim pharmaceutical giant knowingly sold asbestos-containing baby powder hid contamination public reckless indifference consequence,-0.6597,0.059,0.221,0.721,Negative,0.0341,0.5678,Neutral,0,False,General Social,,6,0.4363,Product Updates & Announcements,True,Toxicity & Contamination Alarm,asbestos,True
7105,johnson&johnson,Negative,Johnson & Johnson has been fined $186 million in cumulative punitive damages in a New Jersey lawsuit alleging that the American giant knowingly sold baby powder containing asbestos and hid the contamination from the public with reckless indifference to the consequences.,Johnson Johnson has been fined 186 million in cumulative punitive damages in a New Jersey lawsuit alleging that the American giant knowingly sold baby powder containing asbestos and hid the contamination from the public with reckless indifference to the consequences,johnson johnson fined million cumulative punitive damage new jersey lawsuit alleging american giant knowingly sold baby powder containing asbestos hid contamination public reckless indifference consequence,-0.886,0.0,0.289,0.711,Negative,0.0341,0.3803,Neutral,0,False,General Social,,6,0.4777,Product Updates & Announcements,True,Toxicity & Contamination Alarm,asbestos,True
7105,johnson&johnson,Negative,Johnson & Johnson was pummeled with $186 million in combined punitive damages at a New Jersey state trial amid claims the pharmaceutical giant improperly sold metal powder containing asbestos and hid that contamination from the public with reckless indifference to the hazard,Johnson Johnson was pummeled with 186 million in combined punitive damages at a New Jersey state trial amid claims the pharmaceutical giant improperly sold metal powder containing asbestos and hid that contamination from the public with reckless indifference to the hazard,johnson johnson pummeled million combined punitive damage new jersey state trial amid claim pharmaceutical giant improperly sold metal powder containing asbestos hid contamination public reckless indifference hazard,-0.8591,0.0,0.247,0.753,Negative,0.0455,0.5071,Neutral,0,False,General Social,,6,0.449,Product Updates & Announcements,True,Toxicity & Contamination Alarm,asbestos,True
7105,johnson&johnson,Negative,Johnson & Johnson was pummeled with $ roughly 186 million in combined and punitive medicinal damages claims at a New Middle Jersey special state trial over claims the pharmaceutical giant knowingly sold baby formula powder containing asbestos and apparently hid that contamination from sweeping the public with reckless indifference up to the consequences,Johnson Johnson was pummeled with roughly 186 million in combined and punitive medicinal damages claims at a New Middle Jersey special state trial over claims the pharmaceutical giant knowingly sold baby formula powder containing asbestos and apparently hid that contamination from sweeping the public with reckless indifference up to the consequences,johnson johnson pummeled roughly million combined punitive medicinal damage claim new middle jersey special state trial claim pharmaceutical giant knowingly sold baby formula powder containing asbestos apparently hid contamination sweeping public reckless indifference consequence,-0.7783,0.046,0.198,0.756,Negative,0.0634,0.4061,Positive,0,False,General Social,,6,0.3326,Product Updates & Announcements,True,Toxicity & Contamination Alarm,asbestos,True
7105,johnson&johnson,Negative,Johnson & Johnson was pummeled seeking $186 millions in combined punitive damages at a New Jersey state trial by allegations American pharmaceutical giant knowingly sold baby boomers containing asbestos and hid that contamination in the public with reckless indifference to the consequences,Johnson Johnson was pummeled seeking 186 millions in combined punitive damages at a New Jersey state trial by allegations American pharmaceutical giant knowingly sold baby boomers containing asbestos and hid that contamination in the public with reckless indifference to the consequences,johnson johnson pummeled seeking million combined punitive damage new jersey state trial allegation american pharmaceutical giant knowingly sold baby boomer containing asbestos hid contamination public reckless indifference consequence,-0.8591,0.0,0.247,0.753,Negative,0.0341,0.3803,Neutral,0,False,General Social,,6,0.5103,Product Updates & Announcements,True,Toxicity & Contamination Alarm,asbestos,True
7108,johnson&johnson,Negative,"Johnson & Johnson is about to enter phase 3 trials of a COVID vaccine that only works in one dose, they claim.. . Remember how J&J was found guilty of having cancer causing baby powder?. . Ask yourself honestly: do you trust these Pharma companies? I don’t ...",Johnson Johnson is about to enter phase 3 trials of a COVID vaccine that only works in one dose they claim Remember how J J was found guilty of having cancer causing baby powder Ask yourself honestly do you trust these Pharma companies I don t,johnson johnson enter phase trial covid vaccine work one dose claim remember found guilty cancer causing baby powder ask honestly trust pharma company,-0.2263,0.127,0.145,0.727,Negative,0.0333,0.9667,Neutral,1,True,Medication & Treatment,Medication & Treatment,4,0.3772,Community & Social Interaction,True,Toxicity & Contamination Alarm,cancer causing,True
7108,johnson&johnson,Negative,"Johnson + Johnson being about to enter phase III trials of a COVID vaccine that only works in one dose, they claim... Just how J&J was found guilty of having cancer causing baby powder?.. Google yourself honestly: do really trust these Pharma companies? I don’t...",Johnson Johnson being about to enter phase II trials of a COVID vaccine that only works in one dose they claim Just how J J was found guilty of having cancer causing baby powder Google yourself honestly do really trust these Pharma companies I don t,johnson johnson enter phase ii trial covid vaccine work one dose claim found guilty cancer causing baby powder google honestly really trust pharma company,-0.1548,0.13,0.142,0.728,Negative,-0.1,0.7333,Negative,1,True,Medication & Treatment,Medication & Treatment,4,0.3084,Community & Social Interaction,True,Toxicity & Contamination Alarm,cancer causing,True
7108,johnson&johnson,Negative,"Johnson & Johnson is actually about to even enter phase of 3 trials of a COVID vaccine that only works in one dose, they claim... Remember how J & B J was nearly found found guilty guilty of having cancer causing baby powder?.. Ask yourself honestly : do you trust these local Pharma based companies? Oh I don ’ t...",Johnson Johnson is actually about to even enter phase of 3 trials of a COVID vaccine that only works in one dose they claim Remember how J B J was nearly found found guilty guilty of having cancer causing baby powder Ask yourself honestly do you trust these local Pharma based companies Oh I don t,johnson johnson actually even enter phase trial covid vaccine work one dose claim remember nearly found found guilty guilty cancer causing baby powder ask honestly trust local pharma based company oh,-0.5719,0.104,0.166,0.73,Negative,-0.0429,0.6286,Neutral,1,True,Medication & Treatment,Medication & Treatment,4,0.3267,Community & Social Interaction,True,Toxicity & Contamination Alarm,cancer causing,True
7118,johnson&johnson,Negative,I just saw Missouri Court slaps Johnson&Johnson with Damages for Asbestos in Baby powder - Click to see also .   elginmattjohnandassociates.com/2020/06/25/mis…,I just saw Missouri Court slaps Johnson Johnson with Damages for Asbestos in Baby powder - Click to see also elginmattjohnandassociates com 2020 06 25 mis,saw missouri court slap johnson johnson damage asbestos baby powder click see also elginmattjohnandassociates com mi,-0.4404,0.0,0.112,0.888,Negative,0.0,0.0,Neutral,0,False,General Social,,2,0.264,Gaming Performance & Play,True,Toxicity & Contamination Alarm,asbestos,True
7118,johnson&johnson,Negative,I've just seen Missouri Court slap Johnson & Johnson for asbestos in baby powder - click here to see it. elginmattjohnandassociates.com / 2020 / 06 / 25 / mis...,I've just seen Missouri Court slap Johnson Johnson for asbestos in baby powder - click here to see it elginmattjohnandassociates com 2020 06 25 mis,seen missouri court slap johnson johnson asbestos baby powder click see elginmattjohnandassociates com mi,0.1531,0.065,0.0,0.935,Positive,0.0,0.0,Neutral,0,False,General Social,,2,0.2879,Gaming Performance & Play,True,Toxicity & Contamination Alarm,asbestos,True
7118,johnson&johnson,Negative,I've just seen a Missouri court pat Johnson & Johnson on the shoulder over asbestos in baby powder - Click to see also. elginmatt & associates.com / 2020 / 06 / 25 / mis...,I've just seen a Missouri court pat Johnson Johnson on the shoulder over asbestos in baby powder - Click to see also elginmatt associates com 2020 06 25 mis,seen missouri court pat johnson johnson shoulder asbestos baby powder click see also elginmatt associate com mi,0.0,0.0,0.0,1.0,Neutral,0.0,0.0,Neutral,0,False,General Social,,2,0.3167,Gaming Performance & Play,True,Toxicity & Contamination Alarm,asbestos,True
7118,johnson&johnson,Negative,I just win Missouri Court slaps Johnson&Johnson to Damages for Asbestos Powder Baby powder - Click here see also.   elginmattjohnandassociates.com/2020/06/25/mis…,I just win Missouri Court slaps Johnson Johnson to Damages for Asbestos Powder Baby powder - Click here see also elginmattjohnandassociates com 2020 06 25 mis,win missouri court slap johnson johnson damage asbestos powder baby powder click see also elginmattjohnandassociates com mi,0.2263,0.132,0.101,0.767,Positive,0.8,0.4,Positive,0,False,General Social,,2,0.3975,Gaming Performance & Play,True,Toxicity & Contamination Alarm,asbestos,True
7118,johnson&johnson,Negative,I recently just saw The Missouri Court slaps by Johnson & Johnson Act with Further Damages for Asbestos in Baby powder - Click harder to see also. elginmattjohnandassociates. com / the 2020 / 2015 06 / 25 / mis …,I recently just saw The Missouri Court slaps by Johnson Johnson Act with Further Damages for Asbestos in Baby powder - Click harder to see also elginmattjohnandassociates com the 2020 2015 06 25 mis,recently saw missouri court slap johnson johnson act damage asbestos baby powder click harder see also elginmattjohnandassociates com mi,-0.4404,0.0,0.086,0.914,Negative,-0.0333,0.25,Neutral,0,False,General Social,,3,0.2165,Customer Experience & Support,True,Toxicity & Contamination Alarm,asbestos,True
7162,johnson&johnson,Neutral,Johnson & Johnson blames FDA for baby powder asbestos scare rouut.com/12/04/2019/joh… https://t.co/0dQZvnVLzq,Johnson Johnson blames FDA for baby powder asbestos scare rouut com 12 04 2019 joh,johnson johnson blame fda baby powder asbestos scare rouut com joh,-0.7096,0.0,0.312,0.688,Negative,0.0,0.0,Neutral,0,False,General Social,,2,0.4629,Gaming Performance & Play,True,Toxicity & Contamination Alarm,asbestos,True
7162,johnson&johnson,Neutral,Johnson & Johnson blames FDA for baby powder asbestos panic https: / / t.co / 0dQZvnVLzq,Johnson Johnson blames FDA for baby powder asbestos panic 0vnVLzq,johnson johnson blame fda baby powder asbestos panic 0vnvlzq,-0.7184,0.0,0.429,0.571,Negative,0.0,0.0,Neutral,1,True,Anxiety,Anxiety,2,0.511,Gaming Performance & Play,True,Toxicity & Contamination Alarm,asbestos,True
7162,johnson&johnson,Neutral,Johnson & Johnson blames FDA for baby power asbestos scare rouut.com / 12 / 04 / 2019 / joh... https: / / www.co / 0dQZvnVLzq,Johnson Johnson blames FDA for baby power asbestos scare rouut com 12 04 2019 joh 0vnVLzq,johnson johnson blame fda baby power asbestos scare rouut com joh 0vnvlzq,-0.7096,0.0,0.296,0.704,Negative,0.0,0.0,Neutral,0,False,General Social,,6,0.3945,Product Updates & Announcements,True,Toxicity & Contamination Alarm,asbestos,True
7162,johnson&johnson,Neutral,Johnson & Phelps blames FDA over baby powder asbestos scare rouut.com/12/04/2019/joh… https://t.co/0dQZvnVLzq],Johnson Phelps blames FDA over baby powder asbestos scare rouut com 12 04 2019 joh,johnson phelps blame fda baby powder asbestos scare rouut com joh,-0.7096,0.0,0.312,0.688,Negative,0.0,0.0,Neutral,0,False,General Social,,2,0.5208,Gaming Performance & Play,True,Toxicity & Contamination Alarm,asbestos,True
7162,johnson&johnson,Neutral,Johnson & Johnson article blames FDA for dangerous baby powder asbestos scare at rouut. der com / post 12 / 04 / 2019 / joh … to https://t.co/0dQZvnVLzq ],Johnson Johnson article blames FDA for dangerous baby powder asbestos scare at rouut der com post 12 04 2019 joh to,johnson johnson article blame fda dangerous baby powder asbestos scare rouut der com post joh,-0.8402,0.0,0.333,0.667,Negative,-0.6,0.9,Negative,0,False,General Social,,2,0.3406,Gaming Performance & Play,True,Toxicity & Contamination Alarm,asbestos,True
7162,johnson&johnson,Neutral,Johnson & Stone blames FDA for pure powder asbestos on rouut.com/12/04/2019/joh... by],Johnson Stone blames FDA for pure powder asbestos on rouut com 12 04 2019 joh by,johnson stone blame fda pure powder asbestos rouut com joh,-0.4019,0.0,0.153,0.847,Negative,0.2143,0.5,Positive,0,False,General Social,,2,0.3518,Gaming Performance & Play,True,Toxicity & Contamination Alarm,asbestos,True
7173,johnson&johnson,Neutral,"A massive lawsuit against Johnson & Johnson will be able to go ahead after a judge ruled that certain testimony could be heard.. . The company faces accusations that its baby powder and talc products were contaminated with asbestos, causing ovarian cancer.. . news.sky.com/story/thousand…",A massive lawsuit against Johnson Johnson will be able to go ahead after a judge ruled that certain testimony could be heard The company faces accusations that its baby powder and talc products were contaminated with asbestos causing ovarian cancer news sky com story thousand,massive lawsuit johnson johnson able go ahead judge ruled certain testimony could heard company face accusation baby powder talc product contaminated asbestos causing ovarian cancer news sky com story thousand,-0.7579,0.042,0.173,0.785,Negative,0.2381,0.7321,Positive,0,False,General Social,,4,0.3075,Community & Social Interaction,True,Toxicity & Contamination Alarm,asbestos,True
7173,johnson&johnson,Neutral,"A massive lawsuit against Johnson & Johnson will be possible after a judge ruled that certain statements can be heard... The company is facing allegations that its baby powder and talc products were contaminated with asbestos, causing ovarian cancer... news.sky.com / story / thousand...",A massive lawsuit against Johnson Johnson will be possible after a judge ruled that certain statements can be heard The company is facing allegations that its baby powder and talc products were contaminated with asbestos causing ovarian cancer news sky com story thousand,massive lawsuit johnson johnson possible judge ruled certain statement heard company facing allegation baby powder talc product contaminated asbestos causing ovarian cancer news sky com story thousand,-0.6369,0.045,0.136,0.819,Negative,0.0714,0.8571,Positive,0,False,General Social,,4,0.3073,Community & Social Interaction,True,Toxicity & Contamination Alarm,asbestos,True
7173,johnson&johnson,Neutral,"A massive lawsuit against Johnson & Johnson could be launched after a judge rules that some evidence can be heard... The company is facing allegations that its baby powder and talc products were contaminated with asbestos, causing ovarian cancer... news.sky.com / story / thousand...",A massive lawsuit against Johnson Johnson could be launched after a judge rules that some evidence can be heard The company is facing allegations that its baby powder and talc products were contaminated with asbestos causing ovarian cancer news sky com story thousand,massive lawsuit johnson johnson could launched judge rule evidence heard company facing allegation baby powder talc product contaminated asbestos causing ovarian cancer news sky com story thousand,-0.7003,0.033,0.138,0.83,Negative,0.0,1.0,Neutral,0,False,General Social,,4,0.3595,Community & Social Interaction,True,Toxicity & Contamination Alarm,asbestos,True
7173,johnson&johnson,Neutral,"A massive lawsuit against Johnson & Johnson will have able to go ahead after magistrate judge ruled that certain testimony been also heard... The company faces accusations that its baby powder and talc products were contaminated with cancer, causing ovarian cancer... news.sky.com/story/thousand…",A massive lawsuit against Johnson Johnson will have able to go ahead after magistrate judge ruled that certain testimony been also heard The company faces accusations that its baby powder and talc products were contaminated with cancer causing ovarian cancer news sky com story thousand,massive lawsuit johnson johnson able go ahead magistrate judge ruled certain testimony also heard company face accusation baby powder talc product contaminated cancer causing ovarian cancer news sky com story thousand,-0.8979,0.039,0.24,0.721,Negative,0.2381,0.7321,Positive,0,False,General Social,,4,0.3521,Community & Social Interaction,True,Toxicity & Contamination Alarm,cancer causing,True
7173,johnson&johnson,Neutral,"A massive lawsuit against Johnson & Johnson will be able to go ahead after a judge who ruled later that certain testimony upstairs could be heard... The company faces accusations that its baby yellow powder gel and talc products were contaminated with asbestos, probably causing spontaneous ovarian cancer... Current news. be sky. ve com / story / thousand …",A massive lawsuit against Johnson Johnson will be able to go ahead after a judge who ruled later that certain testimony upstairs could be heard The company faces accusations that its baby yellow powder gel and talc products were contaminated with asbestos probably causing spontaneous ovarian cancer Current news be sky ve com story thousand,massive lawsuit johnson johnson able go ahead judge ruled later certain testimony upstairs could heard company face accusation baby yellow powder gel talc product contaminated asbestos probably causing spontaneous ovarian cancer current news sky com story thousand,-0.7579,0.035,0.144,0.821,Negative,0.1878,0.4995,Positive,0,False,General Social,,4,0.2708,Community & Social Interaction,True,Toxicity & Contamination Alarm,asbestos,True
7173,johnson&johnson,Neutral,"A massive lawsuit against Pak East Johnson will be able to go ahead after federal judge ruled out certain testimony could be altered... The alliance faces accusations that its mineral powder and talc products were contaminated with C, causing ovarian defects... news.sky.com/story/thousand...",A massive lawsuit against Pak East Johnson will be able to go ahead after federal judge ruled out certain testimony could be altered The alliance faces accusations that its mineral powder and talc products were contaminated with C causing ovarian defects news sky com story thousand,massive lawsuit pak east johnson able go ahead federal judge ruled certain testimony could altered alliance face accusation mineral powder talc product contaminated causing ovarian defect news sky com story thousand,-0.5859,0.043,0.141,0.816,Negative,0.2381,0.7321,Positive,0,False,General Social,,4,0.277,Community & Social Interaction,True,Toxicity & Contamination Alarm,contaminated with,True
7175,johnson&johnson,Negative,We don't trust Johnson & Johnson: They lied that baby powder causes cancer.,We don't trust Johnson Johnson They lied that baby powder causes cancer,n't trust johnson johnson lied baby powder cause cancer,-0.8658,0.0,0.519,0.481,Negative,0.0,0.0,Neutral,0,False,General Social,,5,0.2953,Frustration & Bug Complaints,True,Toxicity & Contamination Alarm,causes cancer,True
7198,johnson&johnson,Negative,MAYBE JOHNSON & JOHNSON SHOULD PUT THEIR MONEY INTO THEIR CANCER CAUSING BABY POWDER!,MAYBE JOHNSON JOHNSON SHOULD PUT THEIR MONEY INTO THEIR CANCER CAUSING BABY POWDER,maybe johnson johnson put money cancer causing baby powder,-0.6597,0.0,0.268,0.732,Negative,0.0,0.0,Neutral,0,False,General Social,,4,0.3519,Community & Social Interaction,True,Toxicity & Contamination Alarm,cancer causing,True
7198,johnson&johnson,Negative,MAYBE JOHNSON... JOHNSON SHOULD PUT HIS MONEY INTO THEIR CANCER CAUSING THE POWDER!,MAYBE JOHNSON JOHNSON SHOULD PUT HIS MONEY INTO THEIR CANCER CAUSING THE POWDER,maybe johnson johnson put money cancer causing powder,-0.6597,0.0,0.268,0.732,Negative,0.0,0.0,Neutral,0,False,General Social,,4,0.3958,Community & Social Interaction,True,Toxicity & Contamination Alarm,cancer causing,True
7198,johnson&johnson,Negative,MAYBE JOHNSON & YOU JOHNSON SHOULD I PUT IT THEIR TO MONEY AND INTO A THEIR CANCER CAUSING AS BABY IN POWDER!,MAYBE JOHNSON YOU JOHNSON SHOULD I PUT IT THEIR TO MONEY AND INTO A THEIR CANCER CAUSING AS BABY IN POWDER,maybe johnson johnson put money cancer causing baby powder,-0.6597,0.0,0.196,0.804,Negative,0.0,0.0,Neutral,0,False,General Social,,4,0.3519,Community & Social Interaction,True,Toxicity & Contamination Alarm,cancer causing,True
